scheduled_arrival_times,revised_arrival_times
2026-02-28 08:30+00:00,2026-02-28 08:30+00:00
2026-02-28 09:15+00:00,2026-02-28 08:31+00:00
2026-02-28 09:00+00:00,2026-02-28 08:32+00:00
2026-02-28 08:35+00:00,2026-02-28 08:35+00:00
2026-02-28 08:40+00:00,2026-02-28 08:36+00:00
2026-02-28 09:00+00:00,2026-02-28 08:37+00:00
2026-02-28 09:00+00:00,2026-02-28 08:38+00:00
2026-02-28 09:30+00:00,2026-02-28 08:40+00:00
2026-02-28 09:10+00:00,2026-02-28 08:42+00:00
2026-02-28 08:50+00:00,2026-02-28 08:43+00:00
2026-02-28 08:45+00:00,2026-02-28 08:44+00:00
2026-02-28 09:10+00:00,2026-02-28 08:45+00:00
2026-02-28 09:10+00:00,2026-02-28 08:46+00:00
2026-02-28 09:05+00:00,2026-02-28 08:48+00:00
2026-02-28 09:05+00:00,2026-02-28 08:49+00:00
2026-02-28 08:55+00:00,2026-02-28 08:50+00:00
2026-02-28 09:15+00:00,2026-02-28 08:52+00:00
2026-02-28 09:15+00:00,2026-02-28 08:53+00:00
2026-02-28 09:10+00:00,2026-02-28 08:55+00:00
2026-02-28 09:30+00:00,2026-02-28 08:56+00:00
2026-02-28 09:15+00:00,2026-02-28 08:57+00:00
2026-02-28 09:00+00:00,2026-02-28 08:58+00:00
2026-02-28 09:30+00:00,2026-02-28 09:00+00:00
2026-02-28 09:40+00:00,2026-02-28 09:02+00:00
2026-02-28 09:25+00:00,2026-02-28 09:04+00:00
2026-02-28 06:30+00:00,2026-02-28 09:05+00:00
2026-02-28 09:40+00:00,2026-02-28 09:07+00:00
2026-02-28 09:35+00:00,2026-02-28 09:08+00:00
2026-02-28 09:40+00:00,2026-02-28 09:10+00:00
2026-02-28 10:00+00:00,2026-02-28 09:12+00:00
2026-02-28 09:20+00:00,2026-02-28 09:13+00:00
2026-02-28 08:20+00:00,2026-02-28 09:15+00:00
2026-02-28 08:35+00:00,2026-02-28 09:16+00:00
2026-02-28 09:35+00:00,2026-02-28 09:18+00:00
2026-02-28 09:05+00:00,2026-02-28 09:19+00:00
2026-02-28 09:00+00:00,2026-02-28 09:21+00:00
2026-02-28 09:20+00:00,2026-02-28 09:22+00:00
2026-02-28 09:05+00:00,2026-02-28 09:23+00:00
2026-02-28 09:20+00:00,2026-02-28 09:24+00:00
2026-02-28 09:35+00:00,2026-02-28 09:25+00:00
2026-02-28 09:40+00:00,2026-02-28 09:26+00:00
2026-02-28 09:35+00:00,2026-02-28 09:28+00:00
2026-02-28 09:50+00:00,2026-02-28 09:30+00:00
2026-02-28 10:00+00:00,2026-02-28 09:31+00:00
2026-02-28 09:40+00:00,2026-02-28 09:33+00:00
2026-02-28 09:20+00:00,2026-02-28 09:34+00:00
2026-02-28 10:00+00:00,2026-02-28 09:35+00:00
2026-02-28 09:55+00:00,2026-02-28 09:36+00:00
2026-02-28 10:10+00:00,2026-02-28 09:40+00:00
2026-02-28 09:15+00:00,2026-02-28 09:41+00:00
2026-02-28 10:10+00:00,2026-02-28 09:42+00:00
2026-02-28 10:00+00:00,2026-02-28 09:44+00:00
2026-02-28 09:10+00:00,2026-02-28 09:46+00:00
2026-02-28 09:55+00:00,2026-02-28 09:47+00:00
2026-02-28 09:35+00:00,2026-02-28 09:48+00:00
2026-02-28 10:05+00:00,2026-02-28 09:49+00:00
2026-02-28 10:30+00:00,2026-02-28 09:51+00:00
2026-02-28 10:10+00:00,2026-02-28 09:52+00:00
2026-02-28 09:55+00:00,2026-02-28 09:54+00:00
2026-02-28 10:15+00:00,2026-02-28 09:55+00:00
2026-02-28 09:45+00:00,2026-02-28 09:57+00:00
2026-02-28 10:25+00:00,2026-02-28 09:58+00:00
2026-02-28 10:40+00:00,2026-02-28 10:00+00:00
2026-02-28 10:25+00:00,2026-02-28 10:01+00:00
2026-02-28 06:50+00:00,2026-02-28 10:03+00:00
2026-02-28 10:30+00:00,2026-02-28 10:05+00:00
2026-02-28 07:00+00:00,2026-02-28 10:06+00:00
2026-02-28 10:15+00:00,2026-02-28 10:08+00:00
2026-02-28 10:30+00:00,2026-02-28 10:09+00:00
2026-02-28 10:05+00:00,2026-02-28 10:11+00:00
2026-02-28 05:25+00:00,2026-02-28 10:12+00:00
2026-02-28 10:25+00:00,2026-02-28 10:14+00:00
2026-02-28 10:10+00:00,2026-02-28 10:17+00:00
2026-02-28 10:25+00:00,2026-02-28 10:19+00:00
2026-02-28 10:30+00:00,2026-02-28 10:21+00:00
2026-02-28 10:05+00:00,2026-02-28 10:22+00:00
2026-02-28 10:50+00:00,2026-02-28 10:24+00:00
2026-02-28 10:15+00:00,2026-02-28 10:25+00:00
2026-02-28 09:55+00:00,2026-02-28 10:27+00:00
2026-02-28 10:35+00:00,2026-02-28 10:28+00:00
2026-02-28 10:00+00:00,2026-02-28 10:29+00:00
2026-02-28 10:55+00:00,2026-02-28 10:31+00:00
2026-02-28 10:40+00:00,2026-02-28 10:33+00:00
2026-02-28 10:35+00:00,2026-02-28 10:34+00:00
2026-02-28 10:35+00:00,2026-02-28 10:35+00:00
2026-02-28 10:50+00:00,2026-02-28 10:36+00:00
2026-02-28 10:10+00:00,2026-02-28 10:38+00:00
2026-02-28 10:30+00:00,2026-02-28 10:39+00:00
2026-02-28 10:45+00:00,2026-02-28 10:40+00:00
2026-02-28 10:45+00:00,2026-02-28 10:41+00:00
2026-02-28 10:25+00:00,2026-02-28 10:42+00:00
2026-02-28 10:45+00:00,2026-02-28 10:44+00:00
2026-02-28 10:45+00:00,2026-02-28 10:45+00:00
2026-02-28 10:55+00:00,2026-02-28 10:46+00:00
2026-02-28 11:20+00:00,2026-02-28 10:48+00:00
2026-02-28 10:55+00:00,2026-02-28 10:49+00:00
2026-02-28 10:50+00:00,2026-02-28 10:50+00:00
2026-02-28 10:55+00:00,2026-02-28 10:52+00:00
2026-02-28 08:15+00:00,2026-02-28 10:53+00:00
2026-02-28 10:50+00:00,2026-02-28 10:54+00:00
2026-02-28 11:15+00:00,2026-02-28 10:56+00:00
2026-02-28 11:15+00:00,2026-02-28 10:58+00:00
2026-02-28 11:20+00:00,2026-02-28 10:59+00:00
2026-02-28 11:15+00:00,2026-02-28 11:01+00:00
2026-02-28 11:10+00:00,2026-02-28 11:02+00:00
2026-02-28 11:10+00:00,2026-02-28 11:04+00:00
2026-02-28 11:10+00:00,2026-02-28 11:05+00:00
2026-02-28 11:15+00:00,2026-02-28 11:06+00:00
2026-02-28 11:25+00:00,2026-02-28 11:07+00:00
2026-02-28 11:30+00:00,2026-02-28 11:09+00:00
2026-02-28 11:20+00:00,2026-02-28 11:10+00:00
2026-02-28 11:25+00:00,2026-02-28 11:12+00:00
2026-02-28 12:05+00:00,2026-02-28 11:13+00:00
2026-02-28 11:55+00:00,2026-02-28 11:15+00:00
2026-02-28 11:45+00:00,2026-02-28 11:16+00:00
2026-02-28 11:25+00:00,2026-02-28 11:18+00:00
2026-02-28 11:25+00:00,2026-02-28 11:19+00:00
2026-02-28 11:40+00:00,2026-02-28 11:20+00:00
2026-02-28 11:40+00:00,2026-02-28 11:22+00:00
2026-02-28 11:40+00:00,2026-02-28 11:23+00:00
2026-02-28 11:10+00:00,2026-02-28 11:25+00:00
2026-02-28 11:35+00:00,2026-02-28 11:27+00:00
2026-02-28 11:05+00:00,2026-02-28 11:28+00:00
2026-02-28 11:45+00:00,2026-02-28 11:29+00:00
2026-02-28 11:55+00:00,2026-02-28 11:30+00:00
2026-02-28 11:45+00:00,2026-02-28 11:32+00:00
2026-02-28 12:00+00:00,2026-02-28 11:33+00:00
2026-02-28 12:15+00:00,2026-02-28 11:34+00:00
2026-02-28 12:00+00:00,2026-02-28 11:36+00:00
2026-02-28 11:55+00:00,2026-02-28 11:38+00:00
2026-02-28 11:35+00:00,2026-02-28 11:39+00:00
2026-02-28 11:50+00:00,2026-02-28 11:40+00:00
2026-02-28 12:00+00:00,2026-02-28 11:43+00:00
2026-02-28 11:05+00:00,2026-02-28 11:44+00:00
2026-02-28 12:00+00:00,2026-02-28 11:46+00:00
2026-02-28 12:25+00:00,2026-02-28 11:47+00:00
2026-02-28 12:10+00:00,2026-02-28 11:49+00:00
2026-02-28 12:10+00:00,2026-02-28 11:50+00:00
2026-02-28 12:10+00:00,2026-02-28 11:51+00:00
2026-02-28 12:05+00:00,2026-02-28 11:52+00:00
2026-02-28 12:20+00:00,2026-02-28 11:55+00:00
2026-02-28 12:05+00:00,2026-02-28 11:57+00:00
2026-02-28 12:20+00:00,2026-02-28 11:58+00:00
2026-02-28 11:05+00:00,2026-02-28 11:59+00:00
2026-02-28 11:35+00:00,2026-02-28 12:01+00:00
2026-02-28 12:05+00:00,2026-02-28 12:02+00:00
2026-02-28 12:30+00:00,2026-02-28 12:03+00:00
2026-02-28 12:15+00:00,2026-02-28 12:05+00:00
2026-02-28 12:25+00:00,2026-02-28 12:06+00:00
2026-02-28 12:20+00:00,2026-02-28 12:07+00:00
2026-02-28 12:15+00:00,2026-02-28 12:09+00:00
2026-02-28 12:30+00:00,2026-02-28 12:11+00:00
2026-02-28 12:35+00:00,2026-02-28 12:13+00:00
2026-02-28 13:05+00:00,2026-02-28 12:15+00:00
2026-02-28 12:40+00:00,2026-02-28 12:16+00:00
2026-02-28 12:30+00:00,2026-02-28 12:18+00:00
2026-02-28 13:05+00:00,2026-02-28 12:19+00:00
2026-02-28 12:35+00:00,2026-02-28 12:21+00:00
2026-02-28 12:50+00:00,2026-02-28 12:22+00:00
2026-02-28 12:30+00:00,2026-02-28 12:23+00:00
2026-02-28 12:20+00:00,2026-02-28 12:25+00:00
2026-02-28 12:05+00:00,2026-02-28 12:26+00:00
2026-02-28 12:30+00:00,2026-02-28 12:28+00:00
2026-02-28 12:40+00:00,2026-02-28 12:30+00:00
2026-02-28 12:40+00:00,2026-02-28 12:31+00:00
2026-02-28 12:50+00:00,2026-02-28 12:32+00:00
2026-02-28 11:30+00:00,2026-02-28 12:34+00:00
2026-02-28 06:50+00:00,2026-02-28 12:35+00:00
2026-02-28 12:35+00:00,2026-02-28 12:35+00:00
2026-02-28 12:35+00:00,2026-02-28 12:37+00:00
2026-02-28 13:10+00:00,2026-02-28 12:38+00:00
2026-02-28 13:00+00:00,2026-02-28 12:40+00:00
2026-02-28 13:10+00:00,2026-02-28 12:41+00:00
2026-02-28 12:15+00:00,2026-02-28 12:43+00:00
2026-02-28 13:00+00:00,2026-02-28 12:44+00:00
2026-02-28 13:05+00:00,2026-02-28 12:45+00:00
2026-02-28 13:15+00:00,2026-02-28 12:47+00:00
2026-02-28 13:35+00:00,2026-02-28 12:48+00:00
2026-02-28 13:10+00:00,2026-02-28 12:50+00:00
2026-02-28 13:05+00:00,2026-02-28 12:52+00:00
2026-02-28 13:15+00:00,2026-02-28 12:53+00:00
2026-02-28 13:00+00:00,2026-02-28 12:54+00:00
2026-02-28 12:55+00:00,2026-02-28 12:56+00:00
2026-02-28 13:00+00:00,2026-02-28 12:57+00:00
2026-02-28 13:20+00:00,2026-02-28 12:58+00:00
2026-02-28 13:00+00:00,2026-02-28 12:59+00:00
2026-02-28 13:30+00:00,2026-02-28 13:01+00:00
2026-02-28 13:25+00:00,2026-02-28 13:02+00:00
2026-02-28 13:35+00:00,2026-02-28 13:03+00:00
2026-02-28 13:40+00:00,2026-02-28 13:05+00:00
2026-02-28 13:15+00:00,2026-02-28 13:06+00:00
2026-02-28 13:35+00:00,2026-02-28 13:08+00:00
2026-02-28 13:15+00:00,2026-02-28 13:09+00:00
2026-02-28 14:00+00:00,2026-02-28 13:10+00:00
2026-02-28 13:40+00:00,2026-02-28 13:12+00:00
2026-02-28 13:25+00:00,2026-02-28 13:14+00:00
2026-02-28 13:55+00:00,2026-02-28 13:15+00:00
2026-02-28 13:30+00:00,2026-02-28 13:20+00:00
2026-02-28 13:40+00:00,2026-02-28 13:22+00:00
2026-02-28 11:40+00:00,2026-02-28 13:23+00:00
2026-02-28 13:50+00:00,2026-02-28 13:25+00:00
2026-02-28 13:05+00:00,2026-02-28 13:26+00:00
2026-02-28 13:45+00:00,2026-02-28 13:28+00:00
2026-02-28 14:10+00:00,2026-02-28 13:29+00:00
2026-02-28 13:55+00:00,2026-02-28 13:30+00:00
2026-02-28 14:10+00:00,2026-02-28 13:31+00:00
2026-02-28 14:10+00:00,2026-02-28 13:32+00:00
2026-02-28 14:00+00:00,2026-02-28 13:33+00:00
2026-02-28 13:45+00:00,2026-02-28 13:35+00:00
2026-02-28 14:25+00:00,2026-02-28 13:39+00:00
2026-02-28 14:05+00:00,2026-02-28 13:42+00:00
2026-02-28 13:50+00:00,2026-02-28 13:44+00:00
2026-02-28 13:20+00:00,2026-02-28 13:47+00:00
2026-02-28 13:40+00:00,2026-02-28 13:50+00:00
2026-02-28 14:15+00:00,2026-02-28 13:51+00:00
2026-02-28 14:25+00:00,2026-02-28 13:52+00:00
2026-02-28 13:55+00:00,2026-02-28 13:53+00:00
2026-02-28 14:20+00:00,2026-02-28 13:55+00:00
2026-02-28 12:50+00:00,2026-02-28 13:56+00:00
2026-02-28 14:25+00:00,2026-02-28 13:57+00:00
2026-02-28 13:50+00:00,2026-02-28 13:58+00:00
2026-02-28 13:45+00:00,2026-02-28 14:00+00:00
2026-02-28 14:25+00:00,2026-02-28 14:02+00:00
2026-02-28 14:20+00:00,2026-02-28 14:03+00:00
2026-02-28 14:40+00:00,2026-02-28 14:05+00:00
2026-02-28 14:15+00:00,2026-02-28 14:07+00:00
2026-02-28 14:40+00:00,2026-02-28 14:08+00:00
2026-02-28 14:30+00:00,2026-02-28 14:09+00:00
2026-02-28 14:35+00:00,2026-02-28 14:10+00:00
2026-02-28 14:35+00:00,2026-02-28 14:12+00:00
2026-02-28 14:35+00:00,2026-02-28 14:13+00:00
2026-02-28 14:50+00:00,2026-02-28 14:14+00:00
2026-02-28 14:50+00:00,2026-02-28 14:17+00:00
2026-02-28 14:50+00:00,2026-02-28 14:18+00:00
2026-02-28 14:15+00:00,2026-02-28 14:20+00:00
2026-02-28 15:10+00:00,2026-02-28 14:21+00:00
2026-02-28 14:45+00:00,2026-02-28 14:23+00:00
2026-02-28 15:25+00:00,2026-02-28 14:25+00:00
2026-02-28 14:45+00:00,2026-02-28 14:26+00:00
2026-02-28 15:20+00:00,2026-02-28 14:28+00:00
2026-02-28 14:55+00:00,2026-02-28 14:29+00:00
2026-02-28 14:55+00:00,2026-02-28 14:31+00:00
2026-02-28 14:55+00:00,2026-02-28 14:32+00:00
2026-02-28 14:25+00:00,2026-02-28 14:34+00:00
2026-02-28 10:15+00:00,2026-02-28 14:35+00:00
2026-02-28 14:05+00:00,2026-02-28 14:38+00:00
2026-02-28 15:05+00:00,2026-02-28 14:40+00:00
2026-02-28 15:15+00:00,2026-02-28 14:41+00:00
2026-02-28 14:55+00:00,2026-02-28 14:43+00:00
2026-02-28 15:05+00:00,2026-02-28 14:44+00:00
2026-02-28 15:05+00:00,2026-02-28 14:45+00:00
2026-02-28 15:10+00:00,2026-02-28 14:48+00:00
2026-02-28 15:20+00:00,2026-02-28 14:49+00:00
2026-02-28 14:55+00:00,2026-02-28 14:50+00:00
2026-02-28 15:35+00:00,2026-02-28 14:51+00:00
2026-02-28 15:20+00:00,2026-02-28 14:53+00:00
2026-02-28 15:10+00:00,2026-02-28 14:54+00:00
2026-02-28 15:25+00:00,2026-02-28 14:56+00:00
2026-02-28 14:55+00:00,2026-02-28 14:57+00:00
2026-02-28 15:30+00:00,2026-02-28 14:58+00:00
2026-02-28 15:25+00:00,2026-02-28 15:03+00:00
2026-02-28 15:00+00:00,2026-02-28 15:05+00:00
2026-02-28 15:35+00:00,2026-02-28 15:06+00:00
2026-02-28 15:30+00:00,2026-02-28 15:08+00:00
2026-02-28 14:45+00:00,2026-02-28 15:09+00:00
2026-02-28 15:25+00:00,2026-02-28 15:11+00:00
2026-02-28 15:35+00:00,2026-02-28 15:13+00:00
2026-02-28 16:15+00:00,2026-02-28 15:15+00:00
2026-02-28 15:15+00:00,2026-02-28 15:15+00:00
2026-02-28 15:30+00:00,2026-02-28 15:16+00:00
2026-02-28 15:50+00:00,2026-02-28 15:18+00:00
2026-02-28 15:40+00:00,2026-02-28 15:19+00:00
2026-02-28 11:30+00:00,2026-02-28 15:20+00:00
2026-02-28 16:00+00:00,2026-02-28 15:22+00:00
2026-02-28 15:35+00:00,2026-02-28 15:23+00:00
2026-02-28 16:00+00:00,2026-02-28 15:24+00:00
2026-02-28 15:50+00:00,2026-02-28 15:26+00:00
2026-02-28 15:15+00:00,2026-02-28 15:27+00:00
2026-02-28 15:45+00:00,2026-02-28 15:29+00:00
2026-02-28 15:50+00:00,2026-02-28 15:30+00:00
2026-02-28 15:45+00:00,2026-02-28 15:34+00:00
2026-02-28 15:35+00:00,2026-02-28 15:34+00:00
2026-02-28 15:30+00:00,2026-02-28 15:36+00:00
2026-02-28 15:50+00:00,2026-02-28 15:38+00:00
2026-02-28 16:00+00:00,2026-02-28 15:39+00:00
2026-02-28 14:30+00:00,2026-02-28 15:41+00:00
2026-02-28 14:35+00:00,2026-02-28 15:42+00:00
2026-02-28 14:35+00:00,2026-02-28 15:42+00:00
2026-02-28 14:35+00:00,2026-02-28 15:42+00:00
2026-02-28 14:35+00:00,2026-02-28 15:42+00:00
2026-02-28 14:35+00:00,2026-02-28 15:42+00:00
2026-02-28 14:35+00:00,2026-02-28 15:42+00:00
2026-02-28 14:35+00:00,2026-02-28 15:42+00:00
2026-02-28 14:35+00:00,2026-02-28 15:42+00:00
2026-02-28 15:55+00:00,2026-02-28 15:44+00:00
2026-02-28 16:20+00:00,2026-02-28 15:46+00:00
2026-02-28 15:30+00:00,2026-02-28 15:48+00:00
2026-02-28 16:10+00:00,2026-02-28 15:49+00:00
2026-02-28 16:00+00:00,2026-02-28 15:51+00:00
2026-02-28 16:10+00:00,2026-02-28 15:52+00:00
2026-02-28 16:10+00:00,2026-02-28 15:53+00:00
2026-02-28 16:05+00:00,2026-02-28 15:55+00:00
2026-02-28 15:00+00:00,2026-02-28 15:56+00:00
2026-02-28 14:40+00:00,2026-02-28 15:57+00:00
2026-02-28 14:45+00:00,2026-02-28 15:59+00:00
2026-02-28 15:50+00:00,2026-02-28 16:01+00:00
2026-02-28 16:05+00:00,2026-02-28 16:02+00:00
2026-02-28 16:30+00:00,2026-02-28 16:03+00:00
2026-02-28 16:20+00:00,2026-02-28 16:04+00:00
2026-02-28 16:05+00:00,2026-02-28 16:05+00:00
2026-02-28 15:45+00:00,2026-02-28 16:06+00:00
2026-02-28 16:05+00:00,2026-02-28 16:07+00:00
2026-02-28 16:25+00:00,2026-02-28 16:09+00:00
2026-02-28 16:25+00:00,2026-02-28 16:10+00:00
2026-02-28 16:10+00:00,2026-02-28 16:10+00:00
2026-02-28 16:20+00:00,2026-02-28 16:11+00:00
2026-02-28 16:35+00:00,2026-02-28 16:13+00:00
2026-02-28 16:30+00:00,2026-02-28 16:14+00:00
2026-02-28 16:50+00:00,2026-02-28 16:15+00:00
2026-02-28 16:30+00:00,2026-02-28 16:17+00:00
2026-02-28 16:30+00:00,2026-02-28 16:18+00:00
2026-02-28 16:35+00:00,2026-02-28 16:20+00:00
2026-02-28 16:35+00:00,2026-02-28 16:22+00:00
2026-02-28 16:50+00:00,2026-02-28 16:23+00:00
2026-02-28 16:40+00:00,2026-02-28 16:25+00:00
2026-02-28 16:55+00:00,2026-02-28 16:27+00:00
2026-02-28 16:55+00:00,2026-02-28 16:29+00:00
2026-02-28 17:05+00:00,2026-02-28 16:35+00:00
2026-02-28 16:50+00:00,2026-02-28 16:37+00:00
2026-02-28 16:50+00:00,2026-02-28 16:37+00:00
2026-02-28 16:45+00:00,2026-02-28 16:39+00:00
2026-02-28 17:20+00:00,2026-02-28 16:41+00:00
2026-02-28 16:35+00:00,2026-02-28 16:42+00:00
2026-02-28 17:00+00:00,2026-02-28 16:45+00:00
2026-02-28 15:20+00:00,2026-02-28 16:46+00:00
2026-02-28 17:05+00:00,2026-02-28 16:48+00:00
2026-02-28 17:00+00:00,2026-02-28 16:52+00:00
2026-02-28 17:35+00:00,2026-02-28 16:54+00:00
2026-02-28 17:35+00:00,2026-02-28 16:55+00:00
2026-02-28 17:25+00:00,2026-02-28 16:57+00:00
2026-02-28 17:15+00:00,2026-02-28 16:58+00:00
2026-02-28 17:20+00:00,2026-02-28 17:00+00:00
2026-02-28 17:00+00:00,2026-02-28 17:02+00:00
2026-02-28 17:25+00:00,2026-02-28 17:03+00:00
2026-02-28 17:20+00:00,2026-02-28 17:05+00:00
2026-02-28 17:05+00:00,2026-02-28 17:06+00:00
2026-02-28 17:30+00:00,2026-02-28 17:07+00:00
2026-02-28 15:20+00:00,2026-02-28 17:09+00:00
2026-02-28 17:10+00:00,2026-02-28 17:10+00:00
2026-02-28 17:20+00:00,2026-02-28 17:11+00:00
2026-02-28 17:30+00:00,2026-02-28 17:12+00:00
2026-02-28 17:10+00:00,2026-02-28 17:14+00:00
2026-02-28 17:25+00:00,2026-02-28 17:15+00:00
2026-02-28 17:40+00:00,2026-02-28 17:17+00:00
2026-02-28 17:40+00:00,2026-02-28 17:18+00:00
2026-02-28 17:00+00:00,2026-02-28 17:22+00:00
2026-02-28 17:45+00:00,2026-02-28 17:24+00:00
2026-02-28 17:50+00:00,2026-02-28 17:26+00:00
2026-02-28 17:30+00:00,2026-02-28 17:28+00:00
2026-02-28 18:00+00:00,2026-02-28 17:32+00:00
2026-02-28 18:00+00:00,2026-02-28 17:33+00:00
2026-02-28 18:00+00:00,2026-02-28 17:35+00:00
2026-02-28 18:00+00:00,2026-02-28 17:38+00:00
2026-02-28 18:00+00:00,2026-02-28 17:39+00:00
2026-02-28 17:40+00:00,2026-02-28 17:40+00:00
2026-02-28 18:15+00:00,2026-02-28 17:42+00:00
2026-02-28 18:05+00:00,2026-02-28 17:43+00:00
2026-02-28 18:05+00:00,2026-02-28 17:45+00:00
2026-02-28 18:05+00:00,2026-02-28 17:47+00:00
2026-02-28 18:35+00:00,2026-02-28 17:50+00:00
2026-02-28 18:15+00:00,2026-02-28 17:52+00:00
2026-02-28 18:20+00:00,2026-02-28 17:53+00:00
2026-02-28 18:05+00:00,2026-02-28 17:55+00:00
2026-02-28 17:55+00:00,2026-02-28 17:55+00:00
2026-02-28 17:50+00:00,2026-02-28 17:57+00:00
2026-02-28 18:20+00:00,2026-02-28 17:59+00:00
2026-02-28 16:20+00:00,2026-02-28 18:00+00:00
2026-02-28 18:15+00:00,2026-02-28 18:01+00:00
2026-02-28 18:35+00:00,2026-02-28 18:08+00:00
2026-02-28 18:10+00:00,2026-02-28 18:10+00:00
2026-02-28 18:40+00:00,2026-02-28 18:11+00:00
2026-02-28 18:30+00:00,2026-02-28 18:13+00:00
2026-02-28 18:40+00:00,2026-02-28 18:15+00:00
2026-02-28 18:40+00:00,2026-02-28 18:17+00:00
2026-02-28 18:40+00:00,2026-02-28 18:19+00:00
2026-02-28 18:40+00:00,2026-02-28 18:20+00:00
2026-02-28 18:20+00:00,2026-02-28 18:20+00:00
2026-02-28 18:45+00:00,2026-02-28 18:21+00:00
2026-02-28 18:45+00:00,2026-02-28 18:23+00:00
2026-02-28 19:00+00:00,2026-02-28 18:25+00:00
2026-02-28 18:45+00:00,2026-02-28 18:27+00:00
2026-02-28 18:50+00:00,2026-02-28 18:28+00:00
2026-02-28 17:50+00:00,2026-02-28 18:29+00:00
2026-02-28 18:55+00:00,2026-02-28 18:31+00:00
2026-02-28 18:50+00:00,2026-02-28 18:32+00:00
2026-02-28 18:50+00:00,2026-02-28 18:33+00:00
2026-02-28 18:35+00:00,2026-02-28 18:35+00:00
2026-02-28 19:05+00:00,2026-02-28 18:36+00:00
2026-02-28 19:25+00:00,2026-02-28 18:38+00:00
2026-02-28 19:10+00:00,2026-02-28 18:39+00:00
2026-02-28 18:55+00:00,2026-02-28 18:42+00:00
2026-02-28 18:55+00:00,2026-02-28 18:43+00:00
2026-02-28 19:15+00:00,2026-02-28 18:48+00:00
2026-02-28 19:10+00:00,2026-02-28 18:52+00:00
2026-02-28 19:00+00:00,2026-02-28 18:54+00:00
2026-02-28 19:05+00:00,2026-02-28 18:56+00:00
2026-02-28 19:20+00:00,2026-02-28 18:59+00:00
2026-02-28 19:25+00:00,2026-02-28 18:59+00:00
2026-02-28 19:25+00:00,2026-02-28 19:01+00:00
2026-02-28 18:55+00:00,2026-02-28 19:02+00:00
2026-02-28 19:20+00:00,2026-02-28 19:03+00:00
2026-02-28 19:15+00:00,2026-02-28 19:05+00:00
2026-02-28 19:20+00:00,2026-02-28 19:06+00:00
2026-02-28 19:40+00:00,2026-02-28 19:08+00:00
2026-02-28 19:40+00:00,2026-02-28 19:11+00:00
2026-02-28 19:35+00:00,2026-02-28 19:13+00:00
2026-02-28 19:35+00:00,2026-02-28 19:15+00:00
2026-02-28 19:55+00:00,2026-02-28 19:17+00:00
2026-02-28 19:35+00:00,2026-02-28 19:18+00:00
2026-02-28 19:45+00:00,2026-02-28 19:20+00:00
2026-02-28 19:20+00:00,2026-02-28 19:20+00:00
2026-02-28 19:40+00:00,2026-02-28 19:22+00:00
2026-02-28 19:30+00:00,2026-02-28 19:23+00:00
2026-02-28 19:55+00:00,2026-02-28 19:25+00:00
2026-02-28 19:35+00:00,2026-02-28 19:26+00:00
2026-02-28 19:45+00:00,2026-02-28 19:29+00:00
2026-02-28 19:30+00:00,2026-02-28 19:30+00:00
2026-02-28 20:00+00:00,2026-02-28 19:35+00:00
2026-02-28 19:55+00:00,2026-02-28 19:39+00:00
2026-02-28 20:10+00:00,2026-02-28 19:42+00:00
2026-02-28 19:40+00:00,2026-02-28 19:45+00:00
2026-02-28 20:00+00:00,2026-02-28 19:47+00:00
2026-02-28 19:30+00:00,2026-02-28 19:49+00:00
2026-02-28 19:50+00:00,2026-02-28 19:50+00:00
2026-02-28 19:50+00:00,2026-02-28 19:51+00:00
2026-02-28 20:05+00:00,2026-02-28 19:52+00:00
2026-02-28 20:35+00:00,2026-02-28 19:54+00:00
2026-02-28 18:55+00:00,2026-02-28 19:56+00:00
2026-02-28 20:10+00:00,2026-02-28 19:58+00:00
2026-02-28 19:50+00:00,2026-02-28 19:59+00:00
2026-02-28 20:30+00:00,2026-02-28 20:00+00:00
2026-02-28 20:30+00:00,2026-02-28 20:00+00:00
2026-02-28 20:00+00:00,2026-02-28 20:00+00:00
2026-02-28 20:00+00:00,2026-02-28 20:00+00:00
2026-02-28 19:55+00:00,2026-02-28 20:02+00:00
2026-02-28 19:45+00:00,2026-02-28 20:04+00:00
2026-02-28 20:25+00:00,2026-02-28 20:06+00:00
2026-02-28 19:20+00:00,2026-02-28 20:08+00:00
2026-02-28 20:40+00:00,2026-02-28 20:10+00:00
2026-02-28 20:20+00:00,2026-02-28 20:12+00:00
2026-02-28 20:45+00:00,2026-02-28 20:14+00:00
2026-02-28 20:20+00:00,2026-02-28 20:20+00:00
2026-02-28 21:20+00:00,2026-02-28 20:20+00:00
2026-02-28 21:00+00:00,2026-02-28 20:23+00:00
2026-02-28 20:45+00:00,2026-02-28 20:24+00:00
2026-02-28 21:00+00:00,2026-02-28 20:26+00:00
2026-02-28 20:30+00:00,2026-02-28 20:30+00:00
2026-02-28 20:35+00:00,2026-02-28 20:31+00:00
2026-02-28 20:50+00:00,2026-02-28 20:33+00:00
2026-02-28 20:10+00:00,2026-02-28 20:36+00:00
2026-02-28 20:50+00:00,2026-02-28 20:36+00:00
2026-02-28 20:25+00:00,2026-02-28 20:37+00:00
2026-02-28 21:05+00:00,2026-02-28 20:39+00:00
2026-02-28 20:55+00:00,2026-02-28 20:39+00:00
2026-02-28 21:25+00:00,2026-02-28 20:46+00:00
2026-02-28 21:15+00:00,2026-02-28 20:47+00:00
2026-02-28 21:00+00:00,2026-02-28 20:48+00:00
2026-02-28 21:00+00:00,2026-02-28 20:50+00:00
2026-02-28 19:25+00:00,2026-02-28 20:52+00:00
2026-02-28 21:25+00:00,2026-02-28 20:52+00:00
2026-02-28 20:50+00:00,2026-02-28 20:53+00:00
2026-02-28 21:05+00:00,2026-02-28 20:54+00:00
2026-02-28 21:20+00:00,2026-02-28 20:57+00:00
2026-02-28 21:20+00:00,2026-02-28 20:59+00:00
2026-02-28 19:10+00:00,2026-02-28 21:00+00:00
2026-02-28 21:30+00:00,2026-02-28 21:02+00:00
2026-02-28 18:25+00:00,2026-02-28 21:15+00:00
2026-02-28 21:40+00:00,2026-02-28 21:16+00:00
2026-02-28 21:35+00:00,2026-02-28 21:21+00:00
2026-02-28 21:25+00:00,2026-02-28 21:23+00:00
2026-02-28 21:40+00:00,2026-02-28 21:28+00:00
2026-02-28 21:25+00:00,2026-02-28 21:29+00:00
2026-02-28 21:40+00:00,2026-02-28 21:30+00:00
2026-02-28 22:00+00:00,2026-02-28 21:33+00:00
2026-02-28 22:00+00:00,2026-02-28 21:41+00:00
2026-02-28 22:05+00:00,2026-02-28 21:47+00:00
2026-02-28 22:15+00:00,2026-02-28 21:48+00:00
2026-02-28 20:20+00:00,2026-02-28 21:50+00:00
2026-02-28 22:25+00:00,2026-02-28 21:51+00:00
2026-02-28 21:55+00:00,2026-02-28 21:55+00:00
2026-02-28 22:20+00:00,2026-02-28 21:58+00:00
2026-02-28 22:00+00:00,2026-02-28 22:00+00:00
2026-02-28 22:20+00:00,2026-02-28 22:20+00:00
2026-02-28 22:30+00:00,2026-02-28 22:30+00:00
2026-02-28 22:15+00:00,2026-02-28 22:33+00:00
2026-02-28 22:40+00:00,2026-02-28 22:40+00:00
2026-02-28 22:40+00:00,2026-02-28 22:40+00:00
2026-03-01 05:35+00:00,2026-03-01 04:50+00:00
2026-03-01 04:50+00:00,2026-03-01 04:50+00:00
2026-03-01 05:05+00:00,2026-03-01 04:53+00:00
2026-03-01 04:55+00:00,2026-03-01 04:55+00:00
2026-03-01 05:25+00:00,2026-03-01 04:58+00:00
2026-03-01 05:00+00:00,2026-03-01 05:00+00:00
2026-03-01 05:00+00:00,2026-03-01 05:00+00:00
2026-03-01 05:45+00:00,2026-03-01 05:02+00:00
2026-03-01 05:35+00:00,2026-03-01 05:07+00:00
2026-03-01 05:15+00:00,2026-03-01 05:15+00:00
2026-03-01 05:25+00:00,2026-03-01 05:25+00:00
2026-03-01 05:25+00:00,2026-03-01 05:28+00:00
2026-03-01 06:15+00:00,2026-03-01 05:43+00:00
2026-03-01 05:50+00:00,2026-03-01 05:50+00:00
2026-03-01 05:55+00:00,2026-03-01 05:55+00:00
2026-03-01 05:55+00:00,2026-03-01 05:55+00:00
2026-03-01 05:55+00:00,2026-03-01 05:55+00:00
2026-03-01 06:30+00:00,2026-03-01 06:11+00:00
2026-03-01 06:15+00:00,2026-03-01 06:15+00:00
2026-03-01 06:15+00:00,2026-03-01 06:15+00:00
2026-03-01 06:15+00:00,2026-03-01 06:15+00:00
2026-03-01 06:20+00:00,2026-03-01 06:20+00:00
2026-03-01 06:20+00:00,2026-03-01 06:20+00:00
2026-03-01 06:20+00:00,2026-03-01 06:20+00:00
2026-03-01 06:20+00:00,2026-03-01 06:20+00:00
2026-03-01 06:20+00:00,2026-03-01 06:20+00:00
2026-03-01 06:25+00:00,2026-03-01 06:25+00:00
2026-03-01 06:25+00:00,2026-03-01 06:25+00:00
2026-03-01 06:25+00:00,2026-03-01 06:25+00:00
2026-03-01 05:35+00:00,2026-03-01 06:26+00:00
2026-03-01 06:25+00:00,2026-03-01 06:27+00:00
2026-03-01 06:30+00:00,2026-03-01 06:30+00:00
2026-03-01 06:30+00:00,2026-03-01 06:30+00:00
2026-03-01 06:30+00:00,2026-03-01 06:30+00:00
2026-03-01 06:35+00:00,2026-03-01 06:35+00:00
2026-03-01 06:35+00:00,2026-03-01 06:35+00:00
2026-03-01 06:35+00:00,2026-03-01 06:35+00:00
2026-03-01 06:35+00:00,2026-03-01 06:35+00:00
2026-03-01 06:35+00:00,2026-03-01 06:35+00:00
2026-03-01 06:40+00:00,2026-03-01 06:40+00:00
2026-03-01 06:40+00:00,2026-03-01 06:40+00:00
2026-03-01 06:40+00:00,2026-03-01 06:40+00:00
2026-03-01 06:45+00:00,2026-03-01 06:45+00:00
2026-03-01 06:45+00:00,2026-03-01 06:45+00:00
2026-03-01 06:45+00:00,2026-03-01 06:45+00:00
2026-03-01 06:50+00:00,2026-03-01 06:50+00:00
2026-03-01 06:50+00:00,2026-03-01 06:50+00:00
2026-03-01 06:50+00:00,2026-03-01 06:50+00:00
2026-03-01 06:50+00:00,2026-03-01 06:50+00:00
2026-03-01 06:50+00:00,2026-03-01 06:50+00:00
2026-03-01 06:50+00:00,2026-03-01 06:50+00:00
2026-03-01 06:55+00:00,2026-03-01 06:55+00:00
2026-03-01 06:55+00:00,2026-03-01 06:55+00:00
2026-03-01 06:55+00:00,2026-03-01 06:55+00:00
2026-03-01 06:55+00:00,2026-03-01 06:55+00:00
2026-03-01 07:00+00:00,2026-03-01 07:00+00:00
2026-03-01 07:00+00:00,2026-03-01 07:00+00:00
2026-03-01 07:00+00:00,2026-03-01 07:00+00:00
2026-03-01 07:00+00:00,2026-03-01 07:00+00:00
2026-03-01 07:05+00:00,2026-03-01 07:05+00:00
2026-03-01 07:10+00:00,2026-03-01 07:10+00:00
2026-03-01 07:10+00:00,2026-03-01 07:10+00:00
2026-03-01 07:10+00:00,2026-03-01 07:10+00:00
2026-03-01 07:10+00:00,2026-03-01 07:10+00:00
2026-03-01 07:10+00:00,2026-03-01 07:10+00:00
2026-03-01 07:15+00:00,2026-03-01 07:15+00:00
2026-03-01 07:15+00:00,2026-03-01 07:15+00:00
2026-03-01 07:20+00:00,2026-03-01 07:20+00:00
2026-03-01 07:20+00:00,2026-03-01 07:20+00:00
2026-03-01 07:20+00:00,2026-03-01 07:20+00:00
2026-03-01 07:25+00:00,2026-03-01 07:25+00:00
2026-03-01 07:25+00:00,2026-03-01 07:25+00:00
2026-03-01 07:25+00:00,2026-03-01 07:25+00:00
2026-03-01 07:25+00:00,2026-03-01 07:25+00:00
2026-03-01 07:30+00:00,2026-03-01 07:30+00:00
2026-03-01 07:30+00:00,2026-03-01 07:30+00:00
2026-03-01 07:30+00:00,2026-03-01 07:30+00:00
2026-03-01 07:30+00:00,2026-03-01 07:30+00:00
2026-03-01 07:30+00:00,2026-03-01 07:30+00:00
2026-03-01 07:35+00:00,2026-03-01 07:35+00:00
2026-03-01 07:35+00:00,2026-03-01 07:35+00:00
2026-03-01 07:40+00:00,2026-03-01 07:40+00:00
2026-03-01 07:40+00:00,2026-03-01 07:40+00:00
2026-03-01 07:45+00:00,2026-03-01 07:45+00:00
2026-03-01 07:45+00:00,2026-03-01 07:45+00:00
2026-03-01 07:45+00:00,2026-03-01 07:45+00:00
2026-03-01 07:50+00:00,2026-03-01 07:50+00:00
2026-03-01 07:50+00:00,2026-03-01 07:50+00:00
2026-03-01 07:50+00:00,2026-03-01 07:50+00:00
2026-03-01 07:50+00:00,2026-03-01 07:50+00:00
2026-03-01 07:55+00:00,2026-03-01 07:55+00:00
2026-03-01 07:55+00:00,2026-03-01 07:55+00:00
2026-03-01 08:00+00:00,2026-03-01 08:00+00:00
2026-03-01 08:00+00:00,2026-03-01 08:00+00:00
2026-03-01 08:00+00:00,2026-03-01 08:00+00:00
2026-03-01 08:00+00:00,2026-03-01 08:00+00:00
2026-03-01 08:00+00:00,2026-03-01 08:00+00:00
2026-03-01 08:00+00:00,2026-03-01 08:00+00:00
2026-03-01 08:00+00:00,2026-03-01 08:00+00:00
2026-03-01 08:00+00:00,2026-03-01 08:00+00:00
2026-03-01 08:05+00:00,2026-03-01 08:05+00:00
2026-03-01 08:05+00:00,2026-03-01 08:05+00:00
2026-03-01 08:05+00:00,2026-03-01 08:05+00:00
2026-03-01 08:05+00:00,2026-03-01 08:05+00:00
2026-03-01 08:05+00:00,2026-03-01 08:05+00:00
2026-03-01 08:10+00:00,2026-03-01 08:10+00:00
2026-03-01 08:10+00:00,2026-03-01 08:10+00:00
2026-03-01 08:10+00:00,2026-03-01 08:10+00:00
2026-03-01 08:10+00:00,2026-03-01 08:10+00:00
2026-03-01 08:10+00:00,2026-03-01 08:10+00:00
2026-03-01 08:15+00:00,2026-03-01 08:15+00:00
2026-03-01 08:15+00:00,2026-03-01 08:15+00:00
2026-03-01 08:15+00:00,2026-03-01 08:15+00:00
2026-03-01 08:15+00:00,2026-03-01 08:15+00:00
2026-03-01 08:20+00:00,2026-03-01 08:20+00:00
2026-03-01 08:20+00:00,2026-03-01 08:20+00:00
2026-03-01 08:20+00:00,2026-03-01 08:20+00:00
2026-03-01 08:20+00:00,2026-03-01 08:20+00:00
2026-03-01 08:25+00:00,2026-03-01 08:25+00:00
2026-03-01 08:25+00:00,2026-03-01 08:25+00:00
2026-03-01 08:30+00:00,2026-03-01 08:30+00:00
2026-03-01 08:30+00:00,2026-03-01 08:30+00:00
2026-03-01 08:30+00:00,2026-03-01 08:30+00:00
2026-03-01 08:35+00:00,2026-03-01 08:35+00:00
2026-03-01 08:35+00:00,2026-03-01 08:35+00:00
2026-03-01 08:35+00:00,2026-03-01 08:35+00:00
2026-03-01 08:35+00:00,2026-03-01 08:35+00:00
2026-03-01 08:40+00:00,2026-03-01 08:40+00:00
2026-03-01 08:40+00:00,2026-03-01 08:40+00:00
2026-03-01 08:40+00:00,2026-03-01 08:40+00:00
2026-03-01 08:40+00:00,2026-03-01 08:40+00:00
2026-03-01 08:45+00:00,2026-03-01 08:45+00:00
2026-03-01 08:55+00:00,2026-03-01 08:55+00:00
2026-03-01 08:55+00:00,2026-03-01 08:55+00:00
2026-03-01 08:55+00:00,2026-03-01 08:55+00:00
2026-03-01 08:55+00:00,2026-03-01 08:55+00:00
2026-03-01 09:00+00:00,2026-03-01 09:00+00:00
2026-03-01 09:00+00:00,2026-03-01 09:00+00:00
2026-03-01 09:00+00:00,2026-03-01 09:00+00:00
2026-03-01 09:00+00:00,2026-03-01 09:00+00:00
2026-03-01 09:00+00:00,2026-03-01 09:00+00:00
2026-03-01 09:05+00:00,2026-03-01 09:05+00:00
2026-03-01 09:05+00:00,2026-03-01 09:05+00:00
2026-03-01 09:05+00:00,2026-03-01 09:05+00:00
2026-03-01 09:05+00:00,2026-03-01 09:05+00:00
2026-03-01 09:05+00:00,2026-03-01 09:05+00:00
2026-03-01 09:10+00:00,2026-03-01 09:10+00:00
2026-03-01 09:10+00:00,2026-03-01 09:10+00:00
2026-03-01 09:10+00:00,2026-03-01 09:10+00:00
2026-03-01 09:10+00:00,2026-03-01 09:10+00:00
2026-03-01 09:10+00:00,2026-03-01 09:10+00:00
2026-03-01 09:15+00:00,2026-03-01 09:15+00:00
2026-03-01 09:15+00:00,2026-03-01 09:15+00:00
2026-03-01 09:15+00:00,2026-03-01 09:15+00:00
2026-03-01 09:15+00:00,2026-03-01 09:15+00:00
2026-03-01 09:20+00:00,2026-03-01 09:20+00:00
2026-03-01 09:20+00:00,2026-03-01 09:20+00:00
2026-03-01 09:20+00:00,2026-03-01 09:20+00:00
2026-03-01 09:20+00:00,2026-03-01 09:20+00:00
2026-03-01 09:20+00:00,2026-03-01 09:20+00:00
2026-03-01 09:25+00:00,2026-03-01 09:25+00:00
2026-03-01 09:30+00:00,2026-03-01 09:30+00:00
2026-03-01 09:30+00:00,2026-03-01 09:30+00:00
2026-03-01 09:30+00:00,2026-03-01 09:30+00:00
2026-03-01 09:30+00:00,2026-03-01 09:30+00:00
2026-03-01 09:35+00:00,2026-03-01 09:35+00:00
2026-03-01 09:35+00:00,2026-03-01 09:35+00:00
2026-03-01 09:35+00:00,2026-03-01 09:35+00:00
2026-03-01 09:35+00:00,2026-03-01 09:35+00:00
2026-03-01 09:35+00:00,2026-03-01 09:35+00:00
2026-03-01 09:40+00:00,2026-03-01 09:40+00:00
2026-03-01 09:40+00:00,2026-03-01 09:40+00:00
2026-03-01 09:40+00:00,2026-03-01 09:40+00:00
2026-03-01 09:40+00:00,2026-03-01 09:40+00:00
2026-03-01 09:45+00:00,2026-03-01 09:45+00:00
2026-03-01 09:50+00:00,2026-03-01 09:50+00:00
2026-03-01 09:50+00:00,2026-03-01 09:50+00:00
2026-03-01 09:50+00:00,2026-03-01 09:50+00:00
2026-03-01 09:55+00:00,2026-03-01 09:55+00:00
2026-03-01 09:55+00:00,2026-03-01 09:55+00:00
2026-03-01 09:55+00:00,2026-03-01 09:55+00:00
2026-03-01 10:00+00:00,2026-03-01 10:00+00:00
2026-03-01 10:00+00:00,2026-03-01 10:00+00:00
2026-03-01 10:00+00:00,2026-03-01 10:00+00:00
2026-03-01 10:00+00:00,2026-03-01 10:00+00:00
2026-03-01 10:00+00:00,2026-03-01 10:00+00:00
2026-03-01 10:05+00:00,2026-03-01 10:05+00:00
2026-03-01 10:05+00:00,2026-03-01 10:05+00:00
2026-03-01 10:05+00:00,2026-03-01 10:05+00:00
2026-03-01 10:10+00:00,2026-03-01 10:10+00:00
2026-03-01 10:10+00:00,2026-03-01 10:10+00:00
2026-03-01 10:10+00:00,2026-03-01 10:10+00:00
2026-03-01 10:10+00:00,2026-03-01 10:10+00:00
2026-03-01 10:10+00:00,2026-03-01 10:10+00:00
2026-03-01 10:15+00:00,2026-03-01 10:15+00:00
2026-03-01 10:15+00:00,2026-03-01 10:15+00:00
2026-03-01 10:15+00:00,2026-03-01 10:15+00:00
2026-03-01 10:25+00:00,2026-03-01 10:25+00:00
2026-03-01 10:25+00:00,2026-03-01 10:25+00:00
2026-03-01 10:25+00:00,2026-03-01 10:25+00:00
2026-03-01 10:25+00:00,2026-03-01 10:25+00:00
2026-03-01 10:30+00:00,2026-03-01 10:30+00:00
2026-03-01 10:30+00:00,2026-03-01 10:30+00:00
2026-03-01 10:30+00:00,2026-03-01 10:30+00:00
2026-03-01 10:35+00:00,2026-03-01 10:35+00:00
2026-03-01 10:35+00:00,2026-03-01 10:35+00:00
2026-03-01 10:35+00:00,2026-03-01 10:35+00:00
2026-03-01 10:40+00:00,2026-03-01 10:40+00:00
2026-03-01 10:40+00:00,2026-03-01 10:40+00:00
2026-03-01 10:40+00:00,2026-03-01 10:40+00:00
2026-03-01 10:40+00:00,2026-03-01 10:40+00:00
2026-03-01 10:45+00:00,2026-03-01 10:45+00:00
2026-03-01 10:45+00:00,2026-03-01 10:45+00:00
2026-03-01 10:45+00:00,2026-03-01 10:45+00:00
2026-03-01 10:45+00:00,2026-03-01 10:45+00:00
2026-03-01 10:50+00:00,2026-03-01 10:50+00:00
2026-03-01 10:50+00:00,2026-03-01 10:50+00:00
2026-03-01 10:50+00:00,2026-03-01 10:50+00:00
2026-03-01 10:50+00:00,2026-03-01 10:50+00:00
2026-03-01 10:50+00:00,2026-03-01 10:50+00:00
2026-03-01 10:55+00:00,2026-03-01 10:55+00:00
2026-03-01 10:55+00:00,2026-03-01 10:55+00:00
2026-03-01 10:55+00:00,2026-03-01 10:55+00:00
2026-03-01 10:55+00:00,2026-03-01 10:55+00:00
2026-03-01 10:55+00:00,2026-03-01 10:55+00:00
2026-03-01 11:05+00:00,2026-03-01 11:05+00:00
2026-03-01 11:05+00:00,2026-03-01 11:05+00:00
2026-03-01 11:10+00:00,2026-03-01 11:10+00:00
2026-03-01 11:10+00:00,2026-03-01 11:10+00:00
2026-03-01 11:15+00:00,2026-03-01 11:15+00:00
2026-03-01 11:15+00:00,2026-03-01 11:15+00:00
2026-03-01 11:15+00:00,2026-03-01 11:15+00:00
2026-03-01 11:15+00:00,2026-03-01 11:15+00:00
2026-03-01 11:20+00:00,2026-03-01 11:20+00:00
2026-03-01 11:20+00:00,2026-03-01 11:20+00:00
2026-03-01 11:25+00:00,2026-03-01 11:25+00:00
2026-03-01 11:25+00:00,2026-03-01 11:25+00:00
2026-03-01 11:25+00:00,2026-03-01 11:25+00:00
2026-03-01 11:25+00:00,2026-03-01 11:25+00:00
2026-03-01 11:25+00:00,2026-03-01 11:25+00:00
2026-03-01 11:30+00:00,2026-03-01 11:30+00:00
2026-03-01 11:30+00:00,2026-03-01 11:30+00:00
2026-03-01 11:35+00:00,2026-03-01 11:35+00:00
2026-03-01 11:35+00:00,2026-03-01 11:35+00:00
2026-03-01 11:35+00:00,2026-03-01 11:35+00:00
2026-03-01 11:35+00:00,2026-03-01 11:35+00:00
2026-03-01 11:40+00:00,2026-03-01 11:40+00:00
2026-03-01 11:40+00:00,2026-03-01 11:40+00:00
2026-03-01 11:40+00:00,2026-03-01 11:40+00:00
2026-03-01 11:40+00:00,2026-03-01 11:40+00:00
2026-03-01 11:40+00:00,2026-03-01 11:40+00:00
2026-03-01 11:45+00:00,2026-03-01 11:45+00:00
2026-03-01 11:45+00:00,2026-03-01 11:45+00:00
2026-03-01 11:45+00:00,2026-03-01 11:45+00:00
2026-03-01 11:45+00:00,2026-03-01 11:45+00:00
2026-03-01 11:45+00:00,2026-03-01 11:45+00:00
2026-03-01 11:50+00:00,2026-03-01 11:50+00:00
2026-03-01 11:55+00:00,2026-03-01 11:55+00:00
2026-03-01 11:55+00:00,2026-03-01 11:55+00:00
2026-03-01 11:55+00:00,2026-03-01 11:55+00:00
2026-03-01 11:55+00:00,2026-03-01 11:55+00:00
2026-03-01 12:00+00:00,2026-03-01 12:00+00:00
2026-03-01 12:00+00:00,2026-03-01 12:00+00:00
2026-03-01 12:00+00:00,2026-03-01 12:00+00:00
2026-03-01 12:00+00:00,2026-03-01 12:00+00:00
2026-03-01 12:00+00:00,2026-03-01 12:00+00:00
2026-03-01 12:00+00:00,2026-03-01 12:00+00:00
2026-03-01 12:00+00:00,2026-03-01 12:00+00:00
2026-03-01 12:00+00:00,2026-03-01 12:00+00:00
2026-03-01 12:05+00:00,2026-03-01 12:05+00:00
2026-03-01 12:05+00:00,2026-03-01 12:05+00:00
2026-03-01 12:05+00:00,2026-03-01 12:05+00:00
2026-03-01 12:05+00:00,2026-03-01 12:05+00:00
2026-03-01 12:05+00:00,2026-03-01 12:05+00:00
2026-03-01 12:10+00:00,2026-03-01 12:10+00:00
2026-03-01 12:10+00:00,2026-03-01 12:10+00:00
2026-03-01 12:10+00:00,2026-03-01 12:10+00:00
2026-03-01 12:15+00:00,2026-03-01 12:15+00:00
2026-03-01 12:15+00:00,2026-03-01 12:15+00:00
2026-03-01 12:15+00:00,2026-03-01 12:15+00:00
2026-03-01 12:15+00:00,2026-03-01 12:15+00:00
2026-03-01 12:15+00:00,2026-03-01 12:15+00:00
2026-03-01 12:20+00:00,2026-03-01 12:20+00:00
2026-03-01 12:20+00:00,2026-03-01 12:20+00:00
2026-03-01 12:20+00:00,2026-03-01 12:20+00:00
2026-03-01 12:20+00:00,2026-03-01 12:20+00:00
2026-03-01 12:30+00:00,2026-03-01 12:30+00:00
2026-03-01 12:30+00:00,2026-03-01 12:30+00:00
2026-03-01 12:30+00:00,2026-03-01 12:30+00:00
2026-03-01 12:35+00:00,2026-03-01 12:35+00:00
2026-03-01 12:35+00:00,2026-03-01 12:35+00:00
2026-03-01 12:35+00:00,2026-03-01 12:35+00:00
2026-03-01 12:35+00:00,2026-03-01 12:35+00:00
2026-03-01 12:35+00:00,2026-03-01 12:35+00:00
2026-03-01 12:35+00:00,2026-03-01 12:35+00:00
2026-03-01 12:40+00:00,2026-03-01 12:40+00:00
2026-03-01 12:40+00:00,2026-03-01 12:40+00:00
2026-03-01 12:40+00:00,2026-03-01 12:40+00:00
2026-03-01 12:45+00:00,2026-03-01 12:45+00:00
2026-03-01 12:50+00:00,2026-03-01 12:50+00:00
2026-03-01 12:50+00:00,2026-03-01 12:50+00:00
2026-03-01 12:50+00:00,2026-03-01 12:50+00:00
2026-03-01 12:50+00:00,2026-03-01 12:50+00:00
2026-03-01 12:55+00:00,2026-03-01 12:55+00:00
2026-03-01 13:00+00:00,2026-03-01 13:00+00:00
2026-03-01 13:00+00:00,2026-03-01 13:00+00:00
2026-03-01 13:00+00:00,2026-03-01 13:00+00:00
2026-03-01 13:00+00:00,2026-03-01 13:00+00:00
2026-03-01 13:00+00:00,2026-03-01 13:00+00:00
2026-03-01 13:05+00:00,2026-03-01 13:05+00:00
2026-03-01 13:05+00:00,2026-03-01 13:05+00:00
2026-03-01 13:05+00:00,2026-03-01 13:05+00:00
2026-03-01 13:05+00:00,2026-03-01 13:05+00:00
2026-03-01 13:10+00:00,2026-03-01 13:10+00:00
2026-03-01 13:10+00:00,2026-03-01 13:10+00:00
2026-03-01 13:10+00:00,2026-03-01 13:10+00:00
2026-03-01 13:15+00:00,2026-03-01 13:15+00:00
2026-03-01 13:15+00:00,2026-03-01 13:15+00:00
2026-03-01 13:15+00:00,2026-03-01 13:15+00:00
2026-03-01 13:15+00:00,2026-03-01 13:15+00:00
2026-03-01 13:15+00:00,2026-03-01 13:15+00:00
2026-03-01 13:20+00:00,2026-03-01 13:20+00:00
2026-03-01 13:20+00:00,2026-03-01 13:20+00:00
2026-03-01 13:25+00:00,2026-03-01 13:25+00:00
2026-03-01 13:25+00:00,2026-03-01 13:25+00:00
2026-03-01 13:30+00:00,2026-03-01 13:30+00:00
2026-03-01 13:30+00:00,2026-03-01 13:30+00:00
2026-03-01 13:35+00:00,2026-03-01 13:35+00:00
2026-03-01 13:35+00:00,2026-03-01 13:35+00:00
2026-03-01 13:35+00:00,2026-03-01 13:35+00:00
2026-03-01 13:40+00:00,2026-03-01 13:40+00:00
2026-03-01 13:40+00:00,2026-03-01 13:40+00:00
2026-03-01 13:40+00:00,2026-03-01 13:40+00:00
2026-03-01 13:40+00:00,2026-03-01 13:40+00:00
2026-03-01 13:40+00:00,2026-03-01 13:40+00:00
2026-03-01 13:45+00:00,2026-03-01 13:45+00:00
2026-03-01 13:45+00:00,2026-03-01 13:45+00:00
2026-03-01 13:45+00:00,2026-03-01 13:45+00:00
2026-03-01 13:50+00:00,2026-03-01 13:50+00:00
2026-03-01 13:50+00:00,2026-03-01 13:50+00:00
2026-03-01 13:50+00:00,2026-03-01 13:50+00:00
2026-03-01 13:55+00:00,2026-03-01 13:55+00:00
2026-03-01 13:55+00:00,2026-03-01 13:55+00:00
2026-03-01 14:00+00:00,2026-03-01 14:00+00:00
2026-03-01 14:00+00:00,2026-03-01 14:00+00:00
2026-03-01 14:00+00:00,2026-03-01 14:00+00:00
2026-03-01 14:05+00:00,2026-03-01 14:05+00:00
2026-03-01 14:05+00:00,2026-03-01 14:05+00:00
2026-03-01 14:05+00:00,2026-03-01 14:05+00:00
2026-03-01 14:05+00:00,2026-03-01 14:05+00:00
2026-03-01 14:10+00:00,2026-03-01 14:10+00:00
2026-03-01 14:10+00:00,2026-03-01 14:10+00:00
2026-03-01 14:10+00:00,2026-03-01 14:10+00:00
2026-03-01 14:15+00:00,2026-03-01 14:15+00:00
2026-03-01 14:15+00:00,2026-03-01 14:15+00:00
2026-03-01 14:20+00:00,2026-03-01 14:20+00:00
2026-03-01 14:20+00:00,2026-03-01 14:20+00:00
2026-03-01 14:20+00:00,2026-03-01 14:20+00:00
2026-03-01 14:25+00:00,2026-03-01 14:25+00:00
2026-03-01 14:25+00:00,2026-03-01 14:25+00:00
2026-03-01 14:25+00:00,2026-03-01 14:25+00:00
2026-03-01 14:25+00:00,2026-03-01 14:25+00:00
2026-03-01 14:25+00:00,2026-03-01 14:25+00:00
2026-03-01 14:30+00:00,2026-03-01 14:30+00:00
2026-03-01 14:30+00:00,2026-03-01 14:30+00:00
2026-03-01 14:30+00:00,2026-03-01 14:30+00:00
2026-03-01 14:35+00:00,2026-03-01 14:35+00:00
2026-03-01 14:35+00:00,2026-03-01 14:35+00:00
2026-03-01 14:35+00:00,2026-03-01 14:35+00:00
2026-03-01 14:35+00:00,2026-03-01 14:35+00:00
2026-03-01 14:35+00:00,2026-03-01 14:35+00:00
2026-03-01 14:35+00:00,2026-03-01 14:35+00:00
2026-03-01 14:35+00:00,2026-03-01 14:35+00:00
2026-03-01 14:35+00:00,2026-03-01 14:35+00:00
2026-03-01 14:35+00:00,2026-03-01 14:35+00:00
2026-03-01 14:40+00:00,2026-03-01 14:40+00:00
2026-03-01 14:40+00:00,2026-03-01 14:40+00:00
2026-03-01 14:45+00:00,2026-03-01 14:45+00:00
2026-03-01 14:45+00:00,2026-03-01 14:45+00:00
2026-03-01 14:45+00:00,2026-03-01 14:45+00:00
2026-03-01 14:45+00:00,2026-03-01 14:45+00:00
2026-03-01 14:50+00:00,2026-03-01 14:50+00:00
2026-03-01 14:50+00:00,2026-03-01 14:50+00:00
2026-03-01 14:55+00:00,2026-03-01 14:55+00:00
2026-03-01 14:55+00:00,2026-03-01 14:55+00:00
2026-03-01 14:55+00:00,2026-03-01 14:55+00:00
2026-03-01 14:55+00:00,2026-03-01 14:55+00:00
2026-03-01 15:00+00:00,2026-03-01 15:00+00:00
2026-03-01 15:00+00:00,2026-03-01 15:00+00:00
2026-03-01 15:00+00:00,2026-03-01 15:00+00:00
2026-03-01 15:00+00:00,2026-03-01 15:00+00:00
2026-03-01 15:00+00:00,2026-03-01 15:00+00:00
2026-03-01 15:05+00:00,2026-03-01 15:05+00:00
2026-03-01 15:05+00:00,2026-03-01 15:05+00:00
2026-03-01 15:05+00:00,2026-03-01 15:05+00:00
2026-03-01 15:05+00:00,2026-03-01 15:05+00:00
2026-03-01 15:05+00:00,2026-03-01 15:05+00:00
2026-03-01 15:10+00:00,2026-03-01 15:10+00:00
2026-03-01 15:10+00:00,2026-03-01 15:10+00:00
2026-03-01 15:10+00:00,2026-03-01 15:10+00:00
2026-03-01 15:15+00:00,2026-03-01 15:15+00:00
2026-03-01 15:15+00:00,2026-03-01 15:15+00:00
2026-03-01 15:15+00:00,2026-03-01 15:15+00:00
2026-03-01 15:15+00:00,2026-03-01 15:15+00:00
2026-03-01 15:20+00:00,2026-03-01 15:20+00:00
2026-03-01 15:20+00:00,2026-03-01 15:20+00:00
2026-03-01 15:20+00:00,2026-03-01 15:20+00:00
2026-03-01 15:20+00:00,2026-03-01 15:20+00:00
2026-03-01 15:20+00:00,2026-03-01 15:20+00:00
2026-03-01 15:25+00:00,2026-03-01 15:25+00:00
2026-03-01 15:25+00:00,2026-03-01 15:25+00:00
2026-03-01 15:30+00:00,2026-03-01 15:30+00:00
2026-03-01 15:30+00:00,2026-03-01 15:30+00:00
2026-03-01 15:30+00:00,2026-03-01 15:30+00:00
2026-03-01 15:30+00:00,2026-03-01 15:30+00:00
2026-03-01 15:30+00:00,2026-03-01 15:30+00:00
2026-03-01 15:35+00:00,2026-03-01 15:35+00:00
2026-03-01 15:35+00:00,2026-03-01 15:35+00:00
2026-03-01 15:35+00:00,2026-03-01 15:35+00:00
2026-03-01 15:35+00:00,2026-03-01 15:35+00:00
2026-03-01 15:45+00:00,2026-03-01 15:45+00:00
2026-03-01 15:45+00:00,2026-03-01 15:45+00:00
2026-03-01 15:50+00:00,2026-03-01 15:50+00:00
2026-03-01 15:50+00:00,2026-03-01 15:50+00:00
2026-03-01 15:50+00:00,2026-03-01 15:50+00:00
2026-03-01 15:50+00:00,2026-03-01 15:50+00:00
2026-03-01 15:55+00:00,2026-03-01 15:55+00:00
2026-03-01 16:00+00:00,2026-03-01 16:00+00:00
2026-03-01 16:00+00:00,2026-03-01 16:00+00:00
2026-03-01 16:00+00:00,2026-03-01 16:00+00:00
2026-03-01 16:00+00:00,2026-03-01 16:00+00:00
2026-03-01 16:00+00:00,2026-03-01 16:00+00:00
2026-03-01 16:00+00:00,2026-03-01 16:00+00:00
2026-03-01 16:00+00:00,2026-03-01 16:00+00:00
2026-03-01 16:00+00:00,2026-03-01 16:00+00:00
2026-03-01 16:05+00:00,2026-03-01 16:05+00:00
2026-03-01 16:05+00:00,2026-03-01 16:05+00:00
2026-03-01 16:05+00:00,2026-03-01 16:05+00:00
2026-03-01 16:05+00:00,2026-03-01 16:05+00:00
2026-03-01 16:05+00:00,2026-03-01 16:05+00:00
2026-03-01 16:10+00:00,2026-03-01 16:10+00:00
2026-03-01 16:10+00:00,2026-03-01 16:10+00:00
2026-03-01 16:10+00:00,2026-03-01 16:10+00:00
2026-03-01 16:10+00:00,2026-03-01 16:10+00:00
2026-03-01 16:10+00:00,2026-03-01 16:10+00:00
2026-03-01 16:15+00:00,2026-03-01 16:15+00:00
2026-03-01 16:15+00:00,2026-03-01 16:15+00:00
2026-03-01 16:15+00:00,2026-03-01 16:15+00:00
2026-03-01 16:20+00:00,2026-03-01 16:20+00:00
2026-03-01 16:20+00:00,2026-03-01 16:20+00:00
2026-03-01 16:20+00:00,2026-03-01 16:20+00:00
2026-03-01 16:25+00:00,2026-03-01 16:25+00:00
2026-03-01 16:25+00:00,2026-03-01 16:25+00:00
2026-03-01 16:30+00:00,2026-03-01 16:30+00:00
2026-03-01 16:30+00:00,2026-03-01 16:30+00:00
2026-03-01 16:30+00:00,2026-03-01 16:30+00:00
2026-03-01 16:30+00:00,2026-03-01 16:30+00:00
2026-03-01 16:30+00:00,2026-03-01 16:30+00:00
2026-03-01 16:35+00:00,2026-03-01 16:35+00:00
2026-03-01 16:35+00:00,2026-03-01 16:35+00:00
2026-03-01 16:35+00:00,2026-03-01 16:35+00:00
2026-03-01 16:35+00:00,2026-03-01 16:35+00:00
2026-03-01 16:35+00:00,2026-03-01 16:35+00:00
2026-03-01 16:40+00:00,2026-03-01 16:40+00:00
2026-03-01 16:40+00:00,2026-03-01 16:40+00:00
2026-03-01 16:45+00:00,2026-03-01 16:45+00:00
2026-03-01 16:50+00:00,2026-03-01 16:50+00:00
2026-03-01 16:50+00:00,2026-03-01 16:50+00:00
2026-03-01 16:50+00:00,2026-03-01 16:50+00:00
2026-03-01 17:00+00:00,2026-03-01 17:00+00:00
2026-03-01 17:00+00:00,2026-03-01 17:00+00:00
2026-03-01 17:00+00:00,2026-03-01 17:00+00:00
2026-03-01 17:00+00:00,2026-03-01 17:00+00:00
2026-03-01 17:00+00:00,2026-03-01 17:00+00:00
2026-03-01 17:05+00:00,2026-03-01 17:05+00:00
2026-03-01 17:05+00:00,2026-03-01 17:05+00:00
2026-03-01 17:05+00:00,2026-03-01 17:05+00:00
2026-03-01 17:05+00:00,2026-03-01 17:05+00:00
2026-03-01 17:10+00:00,2026-03-01 17:10+00:00
2026-03-01 17:10+00:00,2026-03-01 17:10+00:00
2026-03-01 17:10+00:00,2026-03-01 17:10+00:00
2026-03-01 17:15+00:00,2026-03-01 17:15+00:00
2026-03-01 17:20+00:00,2026-03-01 17:20+00:00
2026-03-01 17:20+00:00,2026-03-01 17:20+00:00
2026-03-01 17:20+00:00,2026-03-01 17:20+00:00
2026-03-01 17:20+00:00,2026-03-01 17:20+00:00
2026-03-01 17:25+00:00,2026-03-01 17:25+00:00
2026-03-01 17:25+00:00,2026-03-01 17:25+00:00
2026-03-01 17:30+00:00,2026-03-01 17:30+00:00
2026-03-01 17:30+00:00,2026-03-01 17:30+00:00
2026-03-01 17:35+00:00,2026-03-01 17:35+00:00
2026-03-01 17:40+00:00,2026-03-01 17:40+00:00
2026-03-01 17:40+00:00,2026-03-01 17:40+00:00
2026-03-01 17:45+00:00,2026-03-01 17:45+00:00
2026-03-01 17:45+00:00,2026-03-01 17:45+00:00
2026-03-01 17:45+00:00,2026-03-01 17:45+00:00
2026-03-01 17:45+00:00,2026-03-01 17:45+00:00
2026-03-01 17:45+00:00,2026-03-01 17:45+00:00
2026-03-01 17:50+00:00,2026-03-01 17:50+00:00
2026-03-01 17:50+00:00,2026-03-01 17:50+00:00
2026-03-01 17:50+00:00,2026-03-01 17:50+00:00
2026-03-01 17:50+00:00,2026-03-01 17:50+00:00
2026-03-01 17:50+00:00,2026-03-01 17:50+00:00
2026-03-01 17:55+00:00,2026-03-01 17:55+00:00
2026-03-01 17:55+00:00,2026-03-01 17:55+00:00
2026-03-01 17:55+00:00,2026-03-01 17:55+00:00
2026-03-01 18:00+00:00,2026-03-01 18:00+00:00
2026-03-01 18:00+00:00,2026-03-01 18:00+00:00
2026-03-01 18:05+00:00,2026-03-01 18:05+00:00
2026-03-01 18:05+00:00,2026-03-01 18:05+00:00
2026-03-01 18:05+00:00,2026-03-01 18:05+00:00
2026-03-01 18:05+00:00,2026-03-01 18:05+00:00
2026-03-01 18:10+00:00,2026-03-01 18:10+00:00
2026-03-01 18:15+00:00,2026-03-01 18:15+00:00
2026-03-01 18:15+00:00,2026-03-01 18:15+00:00
2026-03-01 18:20+00:00,2026-03-01 18:20+00:00
2026-03-01 18:20+00:00,2026-03-01 18:20+00:00
2026-03-01 18:20+00:00,2026-03-01 18:20+00:00
2026-03-01 18:20+00:00,2026-03-01 18:20+00:00
2026-03-01 18:20+00:00,2026-03-01 18:20+00:00
2026-03-01 18:25+00:00,2026-03-01 18:25+00:00
2026-03-01 18:25+00:00,2026-03-01 18:25+00:00
2026-03-01 18:25+00:00,2026-03-01 18:25+00:00
2026-03-01 18:30+00:00,2026-03-01 18:30+00:00
2026-03-01 18:30+00:00,2026-03-01 18:30+00:00
2026-03-01 18:30+00:00,2026-03-01 18:30+00:00
2026-03-01 18:35+00:00,2026-03-01 18:35+00:00
2026-03-01 18:35+00:00,2026-03-01 18:35+00:00
2026-03-01 18:35+00:00,2026-03-01 18:35+00:00
2026-03-01 18:40+00:00,2026-03-01 18:40+00:00
2026-03-01 18:40+00:00,2026-03-01 18:40+00:00
2026-03-01 18:40+00:00,2026-03-01 18:40+00:00
2026-03-01 18:40+00:00,2026-03-01 18:40+00:00
2026-03-01 18:40+00:00,2026-03-01 18:40+00:00
2026-03-01 18:45+00:00,2026-03-01 18:45+00:00
2026-03-01 18:45+00:00,2026-03-01 18:45+00:00
2026-03-01 18:45+00:00,2026-03-01 18:45+00:00
2026-03-01 18:45+00:00,2026-03-01 18:45+00:00
2026-03-01 18:50+00:00,2026-03-01 18:50+00:00
2026-03-01 18:50+00:00,2026-03-01 18:50+00:00
2026-03-01 18:50+00:00,2026-03-01 18:50+00:00
2026-03-01 18:50+00:00,2026-03-01 18:50+00:00
2026-03-01 18:50+00:00,2026-03-01 18:50+00:00
2026-03-01 18:55+00:00,2026-03-01 18:55+00:00
2026-03-01 18:55+00:00,2026-03-01 18:55+00:00
2026-03-01 18:55+00:00,2026-03-01 18:55+00:00
2026-03-01 18:55+00:00,2026-03-01 18:55+00:00
2026-03-01 19:00+00:00,2026-03-01 19:00+00:00
2026-03-01 19:00+00:00,2026-03-01 19:00+00:00
2026-03-01 19:00+00:00,2026-03-01 19:00+00:00
2026-03-01 19:05+00:00,2026-03-01 19:05+00:00
2026-03-01 19:10+00:00,2026-03-01 19:10+00:00
2026-03-01 19:10+00:00,2026-03-01 19:10+00:00
2026-03-01 19:10+00:00,2026-03-01 19:10+00:00
2026-03-01 19:10+00:00,2026-03-01 19:10+00:00
2026-03-01 19:15+00:00,2026-03-01 19:15+00:00
2026-03-01 19:15+00:00,2026-03-01 19:15+00:00
2026-03-01 19:15+00:00,2026-03-01 19:15+00:00
2026-03-01 19:15+00:00,2026-03-01 19:15+00:00
2026-03-01 19:20+00:00,2026-03-01 19:20+00:00
2026-03-01 19:20+00:00,2026-03-01 19:20+00:00
2026-03-01 19:20+00:00,2026-03-01 19:20+00:00
2026-03-01 19:20+00:00,2026-03-01 19:20+00:00
2026-03-01 19:25+00:00,2026-03-01 19:25+00:00
2026-03-01 19:25+00:00,2026-03-01 19:25+00:00
2026-03-01 19:25+00:00,2026-03-01 19:25+00:00
2026-03-01 19:30+00:00,2026-03-01 19:30+00:00
2026-03-01 19:30+00:00,2026-03-01 19:30+00:00
2026-03-01 19:30+00:00,2026-03-01 19:30+00:00
2026-03-01 19:35+00:00,2026-03-01 19:35+00:00
2026-03-01 19:35+00:00,2026-03-01 19:35+00:00
2026-03-01 19:35+00:00,2026-03-01 19:35+00:00
2026-03-01 19:35+00:00,2026-03-01 19:35+00:00
2026-03-01 19:40+00:00,2026-03-01 19:40+00:00
2026-03-01 19:40+00:00,2026-03-01 19:40+00:00
2026-03-01 19:40+00:00,2026-03-01 19:40+00:00
2026-03-01 19:40+00:00,2026-03-01 19:40+00:00
2026-03-01 19:40+00:00,2026-03-01 19:40+00:00
2026-03-01 19:45+00:00,2026-03-01 19:45+00:00
2026-03-01 19:45+00:00,2026-03-01 19:45+00:00
2026-03-01 19:50+00:00,2026-03-01 19:50+00:00
2026-03-01 19:50+00:00,2026-03-01 19:50+00:00
2026-03-01 19:50+00:00,2026-03-01 19:50+00:00
2026-03-01 19:55+00:00,2026-03-01 19:55+00:00
2026-03-01 19:55+00:00,2026-03-01 19:55+00:00
2026-03-01 19:55+00:00,2026-03-01 19:55+00:00
2026-03-01 19:55+00:00,2026-03-01 19:55+00:00
2026-03-01 20:00+00:00,2026-03-01 20:00+00:00
2026-03-01 20:00+00:00,2026-03-01 20:00+00:00
2026-03-01 20:00+00:00,2026-03-01 20:00+00:00
2026-03-01 20:00+00:00,2026-03-01 20:00+00:00
2026-03-01 20:00+00:00,2026-03-01 20:00+00:00
2026-03-01 20:00+00:00,2026-03-01 20:00+00:00
2026-03-01 20:00+00:00,2026-03-01 20:00+00:00
2026-03-01 20:00+00:00,2026-03-01 20:00+00:00
2026-03-01 20:05+00:00,2026-03-01 20:05+00:00
2026-03-01 20:10+00:00,2026-03-01 20:10+00:00
2026-03-01 20:10+00:00,2026-03-01 20:10+00:00
2026-03-01 20:10+00:00,2026-03-01 20:10+00:00
2026-03-01 20:10+00:00,2026-03-01 20:10+00:00
2026-03-01 20:15+00:00,2026-03-01 20:15+00:00
2026-03-01 20:20+00:00,2026-03-01 20:20+00:00
2026-03-01 20:25+00:00,2026-03-01 20:25+00:00
