scheduled_departure_times,revised_departure_times
2026-02-28 06:30+00:00,2026-02-28 06:44+00:00
2026-02-28 06:30+00:00,2026-02-28 06:45+00:00
2026-02-28 06:30+00:00,2026-02-28 06:46+00:00
2026-02-28 06:05+00:00,2026-02-28 06:47+00:00
2026-02-28 06:35+00:00,2026-02-28 06:49+00:00
2026-02-28 06:35+00:00,2026-02-28 06:49+00:00
2026-02-28 06:40+00:00,2026-02-28 06:51+00:00
2026-02-28 06:45+00:00,2026-02-28 06:52+00:00
2026-02-28 06:35+00:00,2026-02-28 06:54+00:00
2026-02-28 06:40+00:00,2026-02-28 06:56+00:00
2026-02-28 06:20+00:00,2026-02-28 06:58+00:00
2026-02-28 06:40+00:00,2026-02-28 06:59+00:00
2026-02-28 06:50+00:00,2026-02-28 07:00+00:00
2026-02-28 06:55+00:00,2026-02-28 07:04+00:00
2026-02-28 07:00+00:00,2026-02-28 07:12+00:00
2026-02-28 07:00+00:00,2026-02-28 07:12+00:00
2026-02-28 06:55+00:00,2026-02-28 07:15+00:00
2026-02-28 06:50+00:00,2026-02-28 07:16+00:00
2026-02-28 07:05+00:00,2026-02-28 07:18+00:00
2026-02-28 07:00+00:00,2026-02-28 07:21+00:00
2026-02-28 06:55+00:00,2026-02-28 07:23+00:00
2026-02-28 07:10+00:00,2026-02-28 07:26+00:00
2026-02-28 07:20+00:00,2026-02-28 07:27+00:00
2026-02-28 07:20+00:00,2026-02-28 07:29+00:00
2026-02-28 07:20+00:00,2026-02-28 07:31+00:00
2026-02-28 07:00+00:00,2026-02-28 07:32+00:00
2026-02-28 07:30+00:00,2026-02-28 07:34+00:00
2026-02-28 07:05+00:00,2026-02-28 07:36+00:00
2026-02-28 07:10+00:00,2026-02-28 07:37+00:00
2026-02-28 07:25+00:00,2026-02-28 07:38+00:00
2026-02-28 07:25+00:00,2026-02-28 07:39+00:00
2026-02-28 06:55+00:00,2026-02-28 07:40+00:00
2026-02-28 07:35+00:00,2026-02-28 07:41+00:00
2026-02-28 07:40+00:00,2026-02-28 07:43+00:00
2026-02-28 07:30+00:00,2026-02-28 07:44+00:00
2026-02-28 07:20+00:00,2026-02-28 07:45+00:00
2026-02-28 07:30+00:00,2026-02-28 07:46+00:00
2026-02-28 07:40+00:00,2026-02-28 07:48+00:00
2026-02-28 07:35+00:00,2026-02-28 07:49+00:00
2026-02-28 07:50+00:00,2026-02-28 07:51+00:00
2026-02-28 07:30+00:00,2026-02-28 07:52+00:00
2026-02-28 07:35+00:00,2026-02-28 07:54+00:00
2026-02-28 07:45+00:00,2026-02-28 07:56+00:00
2026-02-28 07:45+00:00,2026-02-28 07:59+00:00
2026-02-28 07:30+00:00,2026-02-28 08:00+00:00
2026-02-28 07:30+00:00,2026-02-28 08:00+00:00
2026-02-28 07:45+00:00,2026-02-28 08:01+00:00
2026-02-28 07:40+00:00,2026-02-28 08:02+00:00
2026-02-28 07:50+00:00,2026-02-28 08:04+00:00
2026-02-28 07:45+00:00,2026-02-28 08:06+00:00
2026-02-28 08:05+00:00,2026-02-28 08:07+00:00
2026-02-28 07:50+00:00,2026-02-28 08:08+00:00
2026-02-28 08:00+00:00,2026-02-28 08:09+00:00
2026-02-28 07:45+00:00,2026-02-28 08:10+00:00
2026-02-28 07:50+00:00,2026-02-28 08:11+00:00
2026-02-28 08:00+00:00,2026-02-28 08:12+00:00
2026-02-28 07:55+00:00,2026-02-28 08:13+00:00
2026-02-28 07:55+00:00,2026-02-28 08:15+00:00
2026-02-28 08:00+00:00,2026-02-28 08:16+00:00
2026-02-28 07:55+00:00,2026-02-28 08:17+00:00
2026-02-28 08:00+00:00,2026-02-28 08:18+00:00
2026-02-28 07:55+00:00,2026-02-28 08:19+00:00
2026-02-28 08:10+00:00,2026-02-28 08:20+00:00
2026-02-28 08:15+00:00,2026-02-28 08:21+00:00
2026-02-28 08:00+00:00,2026-02-28 08:24+00:00
2026-02-28 08:05+00:00,2026-02-28 08:26+00:00
2026-02-28 08:10+00:00,2026-02-28 08:27+00:00
2026-02-28 08:15+00:00,2026-02-28 08:28+00:00
2026-02-28 08:05+00:00,2026-02-28 08:29+00:00
2026-02-28 08:30+00:00,2026-02-28 08:30+00:00
2026-02-28 08:20+00:00,2026-02-28 08:31+00:00
2026-02-28 08:30+00:00,2026-02-28 08:33+00:00
2026-02-28 08:20+00:00,2026-02-28 08:34+00:00
2026-02-28 08:20+00:00,2026-02-28 08:37+00:00
2026-02-28 08:20+00:00,2026-02-28 08:39+00:00
2026-02-28 08:40+00:00,2026-02-28 08:40+00:00
2026-02-28 08:25+00:00,2026-02-28 08:40+00:00
2026-02-28 08:25+00:00,2026-02-28 08:41+00:00
2026-02-28 08:30+00:00,2026-02-28 08:42+00:00
2026-02-28 08:25+00:00,2026-02-28 08:44+00:00
2026-02-28 08:35+00:00,2026-02-28 08:46+00:00
2026-02-28 08:25+00:00,2026-02-28 08:47+00:00
2026-02-28 08:35+00:00,2026-02-28 08:48+00:00
2026-02-28 08:35+00:00,2026-02-28 08:49+00:00
2026-02-28 08:35+00:00,2026-02-28 08:49+00:00
2026-02-28 08:50+00:00,2026-02-28 08:50+00:00
2026-02-28 08:45+00:00,2026-02-28 08:50+00:00
2026-02-28 08:40+00:00,2026-02-28 08:53+00:00
2026-02-28 08:55+00:00,2026-02-28 08:58+00:00
2026-02-28 08:45+00:00,2026-02-28 09:00+00:00
2026-02-28 08:45+00:00,2026-02-28 09:03+00:00
2026-02-28 08:40+00:00,2026-02-28 09:04+00:00
2026-02-28 08:55+00:00,2026-02-28 09:05+00:00
2026-02-28 08:50+00:00,2026-02-28 09:07+00:00
2026-02-28 09:00+00:00,2026-02-28 09:08+00:00
2026-02-28 09:00+00:00,2026-02-28 09:10+00:00
2026-02-28 09:10+00:00,2026-02-28 09:10+00:00
2026-02-28 08:35+00:00,2026-02-28 09:11+00:00
2026-02-28 09:00+00:00,2026-02-28 09:13+00:00
2026-02-28 08:50+00:00,2026-02-28 09:13+00:00
2026-02-28 08:55+00:00,2026-02-28 09:14+00:00
2026-02-28 08:45+00:00,2026-02-28 09:18+00:00
2026-02-28 09:05+00:00,2026-02-28 09:19+00:00
2026-02-28 08:50+00:00,2026-02-28 09:20+00:00
2026-02-28 09:10+00:00,2026-02-28 09:21+00:00
2026-02-28 09:00+00:00,2026-02-28 09:23+00:00
2026-02-28 09:00+00:00,2026-02-28 09:26+00:00
2026-02-28 09:30+00:00,2026-02-28 09:30+00:00
2026-02-28 09:20+00:00,2026-02-28 09:31+00:00
2026-02-28 09:05+00:00,2026-02-28 09:33+00:00
2026-02-28 09:15+00:00,2026-02-28 09:34+00:00
2026-02-28 09:20+00:00,2026-02-28 09:37+00:00
2026-02-28 09:15+00:00,2026-02-28 09:38+00:00
2026-02-28 08:45+00:00,2026-02-28 09:39+00:00
2026-02-28 09:10+00:00,2026-02-28 09:40+00:00
2026-02-28 09:10+00:00,2026-02-28 09:42+00:00
2026-02-28 09:30+00:00,2026-02-28 09:42+00:00
2026-02-28 09:20+00:00,2026-02-28 09:44+00:00
2026-02-28 09:25+00:00,2026-02-28 09:45+00:00
2026-02-28 09:25+00:00,2026-02-28 09:47+00:00
2026-02-28 09:40+00:00,2026-02-28 09:48+00:00
2026-02-28 09:30+00:00,2026-02-28 09:49+00:00
2026-02-28 09:05+00:00,2026-02-28 09:50+00:00
2026-02-28 09:25+00:00,2026-02-28 09:52+00:00
2026-02-28 09:40+00:00,2026-02-28 09:54+00:00
2026-02-28 09:55+00:00,2026-02-28 09:55+00:00
2026-02-28 09:35+00:00,2026-02-28 09:56+00:00
2026-02-28 09:35+00:00,2026-02-28 09:57+00:00
2026-02-28 09:30+00:00,2026-02-28 09:58+00:00
2026-02-28 09:40+00:00,2026-02-28 09:59+00:00
2026-02-28 09:05+00:00,2026-02-28 10:02+00:00
2026-02-28 09:45+00:00,2026-02-28 10:04+00:00
2026-02-28 09:55+00:00,2026-02-28 10:05+00:00
2026-02-28 10:00+00:00,2026-02-28 10:07+00:00
2026-02-28 09:45+00:00,2026-02-28 10:10+00:00
2026-02-28 10:05+00:00,2026-02-28 10:12+00:00
2026-02-28 10:00+00:00,2026-02-28 10:16+00:00
2026-02-28 09:55+00:00,2026-02-28 10:20+00:00
2026-02-28 09:45+00:00,2026-02-28 10:21+00:00
2026-02-28 09:50+00:00,2026-02-28 10:26+00:00
2026-02-28 10:10+00:00,2026-02-28 10:28+00:00
2026-02-28 09:45+00:00,2026-02-28 10:29+00:00
2026-02-28 09:35+00:00,2026-02-28 10:30+00:00
2026-02-28 10:05+00:00,2026-02-28 10:31+00:00
2026-02-28 09:50+00:00,2026-02-28 10:34+00:00
2026-02-28 10:10+00:00,2026-02-28 10:35+00:00
2026-02-28 10:05+00:00,2026-02-28 10:36+00:00
2026-02-28 10:25+00:00,2026-02-28 10:37+00:00
2026-02-28 10:00+00:00,2026-02-28 10:41+00:00
2026-02-28 09:50+00:00,2026-02-28 10:42+00:00
2026-02-28 10:10+00:00,2026-02-28 10:43+00:00
2026-02-28 10:15+00:00,2026-02-28 10:44+00:00
2026-02-28 10:05+00:00,2026-02-28 10:45+00:00
2026-02-28 10:20+00:00,2026-02-28 10:47+00:00
2026-02-28 10:00+00:00,2026-02-28 10:48+00:00
2026-02-28 10:15+00:00,2026-02-28 10:49+00:00
2026-02-28 10:25+00:00,2026-02-28 10:50+00:00
2026-02-28 10:25+00:00,2026-02-28 10:51+00:00
2026-02-28 10:20+00:00,2026-02-28 10:52+00:00
2026-02-28 10:45+00:00,2026-02-28 10:53+00:00
2026-02-28 10:35+00:00,2026-02-28 10:54+00:00
2026-02-28 10:10+00:00,2026-02-28 10:55+00:00
2026-02-28 10:35+00:00,2026-02-28 10:57+00:00
2026-02-28 10:30+00:00,2026-02-28 10:58+00:00
2026-02-28 10:20+00:00,2026-02-28 11:00+00:00
2026-02-28 10:25+00:00,2026-02-28 11:01+00:00
2026-02-28 10:35+00:00,2026-02-28 11:02+00:00
2026-02-28 10:40+00:00,2026-02-28 11:03+00:00
2026-02-28 09:45+00:00,2026-02-28 11:05+00:00
2026-02-28 10:45+00:00,2026-02-28 11:07+00:00
2026-02-28 10:30+00:00,2026-02-28 11:08+00:00
2026-02-28 10:30+00:00,2026-02-28 11:10+00:00
2026-02-28 10:40+00:00,2026-02-28 11:11+00:00
2026-02-28 10:40+00:00,2026-02-28 11:12+00:00
2026-02-28 11:00+00:00,2026-02-28 11:13+00:00
2026-02-28 10:50+00:00,2026-02-28 11:14+00:00
2026-02-28 10:45+00:00,2026-02-28 11:16+00:00
2026-02-28 10:35+00:00,2026-02-28 11:18+00:00
2026-02-28 10:45+00:00,2026-02-28 11:20+00:00
2026-02-28 10:55+00:00,2026-02-28 11:21+00:00
2026-02-28 10:55+00:00,2026-02-28 11:22+00:00
2026-02-28 11:05+00:00,2026-02-28 11:23+00:00
2026-02-28 10:55+00:00,2026-02-28 11:24+00:00
2026-02-28 10:35+00:00,2026-02-28 11:25+00:00
2026-02-28 11:00+00:00,2026-02-28 11:26+00:00
2026-02-28 11:05+00:00,2026-02-28 11:27+00:00
2026-02-28 10:55+00:00,2026-02-28 11:29+00:00
2026-02-28 11:10+00:00,2026-02-28 11:30+00:00
2026-02-28 11:15+00:00,2026-02-28 11:32+00:00
2026-02-28 11:25+00:00,2026-02-28 11:34+00:00
2026-02-28 11:15+00:00,2026-02-28 11:35+00:00
2026-02-28 11:30+00:00,2026-02-28 11:36+00:00
2026-02-28 11:10+00:00,2026-02-28 11:38+00:00
2026-02-28 11:20+00:00,2026-02-28 11:40+00:00
2026-02-28 11:15+00:00,2026-02-28 11:40+00:00
2026-02-28 11:30+00:00,2026-02-28 11:42+00:00
2026-02-28 11:05+00:00,2026-02-28 11:44+00:00
2026-02-28 11:10+00:00,2026-02-28 11:45+00:00
2026-02-28 11:25+00:00,2026-02-28 11:46+00:00
2026-02-28 11:25+00:00,2026-02-28 11:48+00:00
2026-02-28 11:00+00:00,2026-02-28 11:50+00:00
2026-02-28 11:20+00:00,2026-02-28 11:51+00:00
2026-02-28 11:35+00:00,2026-02-28 11:53+00:00
2026-02-28 11:30+00:00,2026-02-28 11:56+00:00
2026-02-28 11:20+00:00,2026-02-28 11:57+00:00
2026-02-28 11:35+00:00,2026-02-28 11:59+00:00
2026-02-28 11:25+00:00,2026-02-28 12:00+00:00
2026-02-28 11:25+00:00,2026-02-28 12:00+00:00
2026-02-28 12:00+00:00,2026-02-28 12:00+00:00
2026-02-28 12:00+00:00,2026-02-28 12:00+00:00
2026-02-28 11:40+00:00,2026-02-28 12:01+00:00
2026-02-28 11:40+00:00,2026-02-28 12:03+00:00
2026-02-28 11:40+00:00,2026-02-28 12:05+00:00
2026-02-28 11:50+00:00,2026-02-28 12:06+00:00
2026-02-28 11:45+00:00,2026-02-28 12:07+00:00
2026-02-28 11:45+00:00,2026-02-28 12:09+00:00
2026-02-28 11:40+00:00,2026-02-28 12:11+00:00
2026-02-28 11:40+00:00,2026-02-28 12:13+00:00
2026-02-28 11:45+00:00,2026-02-28 12:14+00:00
2026-02-28 11:50+00:00,2026-02-28 12:15+00:00
2026-02-28 11:50+00:00,2026-02-28 12:16+00:00
2026-02-28 12:00+00:00,2026-02-28 12:17+00:00
2026-02-28 12:05+00:00,2026-02-28 12:19+00:00
2026-02-28 11:35+00:00,2026-02-28 12:20+00:00
2026-02-28 11:50+00:00,2026-02-28 12:21+00:00
2026-02-28 11:55+00:00,2026-02-28 12:23+00:00
2026-02-28 12:05+00:00,2026-02-28 12:24+00:00
2026-02-28 11:55+00:00,2026-02-28 12:25+00:00
2026-02-28 11:55+00:00,2026-02-28 12:26+00:00
2026-02-28 11:45+00:00,2026-02-28 12:28+00:00
2026-02-28 11:55+00:00,2026-02-28 12:29+00:00
2026-02-28 11:55+00:00,2026-02-28 12:30+00:00
2026-02-28 12:10+00:00,2026-02-28 12:33+00:00
2026-02-28 12:10+00:00,2026-02-28 12:34+00:00
2026-02-28 12:05+00:00,2026-02-28 12:35+00:00
2026-02-28 12:10+00:00,2026-02-28 12:36+00:00
2026-02-28 11:00+00:00,2026-02-28 12:37+00:00
2026-02-28 12:15+00:00,2026-02-28 12:39+00:00
2026-02-28 12:15+00:00,2026-02-28 12:40+00:00
2026-02-28 12:15+00:00,2026-02-28 12:41+00:00
2026-02-28 12:05+00:00,2026-02-28 12:43+00:00
2026-02-28 12:00+00:00,2026-02-28 12:44+00:00
2026-02-28 12:20+00:00,2026-02-28 12:46+00:00
2026-02-28 12:15+00:00,2026-02-28 12:47+00:00
2026-02-28 12:20+00:00,2026-02-28 12:48+00:00
2026-02-28 12:20+00:00,2026-02-28 12:49+00:00
2026-02-28 12:35+00:00,2026-02-28 12:51+00:00
2026-02-28 12:25+00:00,2026-02-28 12:52+00:00
2026-02-28 12:30+00:00,2026-02-28 12:53+00:00
2026-02-28 12:40+00:00,2026-02-28 12:54+00:00
2026-02-28 12:25+00:00,2026-02-28 12:56+00:00
2026-02-28 12:40+00:00,2026-02-28 12:57+00:00
2026-02-28 12:10+00:00,2026-02-28 12:58+00:00
2026-02-28 12:35+00:00,2026-02-28 13:00+00:00
2026-02-28 12:45+00:00,2026-02-28 13:02+00:00
2026-02-28 12:10+00:00,2026-02-28 13:03+00:00
2026-02-28 12:45+00:00,2026-02-28 13:04+00:00
2026-02-28 12:35+00:00,2026-02-28 13:05+00:00
2026-02-28 12:55+00:00,2026-02-28 13:07+00:00
2026-02-28 12:50+00:00,2026-02-28 13:08+00:00
2026-02-28 12:55+00:00,2026-02-28 13:10+00:00
2026-02-28 13:00+00:00,2026-02-28 13:11+00:00
2026-02-28 12:35+00:00,2026-02-28 13:12+00:00
2026-02-28 12:45+00:00,2026-02-28 13:14+00:00
2026-02-28 12:50+00:00,2026-02-28 13:16+00:00
2026-02-28 12:50+00:00,2026-02-28 13:18+00:00
2026-02-28 13:00+00:00,2026-02-28 13:19+00:00
2026-02-28 13:00+00:00,2026-02-28 13:21+00:00
2026-02-28 13:00+00:00,2026-02-28 13:23+00:00
2026-02-28 12:25+00:00,2026-02-28 13:25+00:00
2026-02-28 12:55+00:00,2026-02-28 13:26+00:00
2026-02-28 12:40+00:00,2026-02-28 13:28+00:00
2026-02-28 12:50+00:00,2026-02-28 13:29+00:00
2026-02-28 12:30+00:00,2026-02-28 13:31+00:00
2026-02-28 13:10+00:00,2026-02-28 13:32+00:00
2026-02-28 13:10+00:00,2026-02-28 13:33+00:00
2026-02-28 13:20+00:00,2026-02-28 13:34+00:00
2026-02-28 13:05+00:00,2026-02-28 13:36+00:00
2026-02-28 13:20+00:00,2026-02-28 13:38+00:00
2026-02-28 13:20+00:00,2026-02-28 13:39+00:00
2026-02-28 13:40+00:00,2026-02-28 13:40+00:00
2026-02-28 13:20+00:00,2026-02-28 13:40+00:00
2026-02-28 13:05+00:00,2026-02-28 13:41+00:00
2026-02-28 13:10+00:00,2026-02-28 13:43+00:00
2026-02-28 13:25+00:00,2026-02-28 13:44+00:00
2026-02-28 13:30+00:00,2026-02-28 13:46+00:00
2026-02-28 13:25+00:00,2026-02-28 13:46+00:00
2026-02-28 13:25+00:00,2026-02-28 13:48+00:00
2026-02-28 13:30+00:00,2026-02-28 13:49+00:00
2026-02-28 13:50+00:00,2026-02-28 13:50+00:00
2026-02-28 13:40+00:00,2026-02-28 13:52+00:00
2026-02-28 13:35+00:00,2026-02-28 13:53+00:00
2026-02-28 13:55+00:00,2026-02-28 13:55+00:00
2026-02-28 13:25+00:00,2026-02-28 13:55+00:00
2026-02-28 13:45+00:00,2026-02-28 13:56+00:00
2026-02-28 13:30+00:00,2026-02-28 13:58+00:00
2026-02-28 14:00+00:00,2026-02-28 13:59+00:00
2026-02-28 13:40+00:00,2026-02-28 14:00+00:00
2026-02-28 13:40+00:00,2026-02-28 14:01+00:00
2026-02-28 13:45+00:00,2026-02-28 14:03+00:00
2026-02-28 13:45+00:00,2026-02-28 14:05+00:00
2026-02-28 13:40+00:00,2026-02-28 14:05+00:00
2026-02-28 14:00+00:00,2026-02-28 14:07+00:00
2026-02-28 13:50+00:00,2026-02-28 14:08+00:00
2026-02-28 13:45+00:00,2026-02-28 14:09+00:00
2026-02-28 13:55+00:00,2026-02-28 14:11+00:00
2026-02-28 13:15+00:00,2026-02-28 14:12+00:00
2026-02-28 14:00+00:00,2026-02-28 14:14+00:00
2026-02-28 14:15+00:00,2026-02-28 14:15+00:00
2026-02-28 13:50+00:00,2026-02-28 14:16+00:00
2026-02-28 14:05+00:00,2026-02-28 14:18+00:00
2026-02-28 13:30+00:00,2026-02-28 14:19+00:00
2026-02-28 13:45+00:00,2026-02-28 14:20+00:00
2026-02-28 13:55+00:00,2026-02-28 14:22+00:00
2026-02-28 13:25+00:00,2026-02-28 14:24+00:00
2026-02-28 14:15+00:00,2026-02-28 14:25+00:00
2026-02-28 14:10+00:00,2026-02-28 14:27+00:00
2026-02-28 14:10+00:00,2026-02-28 14:28+00:00
2026-02-28 14:10+00:00,2026-02-28 14:29+00:00
2026-02-28 14:00+00:00,2026-02-28 14:30+00:00
2026-02-28 14:10+00:00,2026-02-28 14:32+00:00
2026-02-28 12:30+00:00,2026-02-28 14:33+00:00
2026-02-28 14:15+00:00,2026-02-28 14:34+00:00
2026-02-28 14:10+00:00,2026-02-28 14:35+00:00
2026-02-28 14:15+00:00,2026-02-28 14:36+00:00
2026-02-28 14:25+00:00,2026-02-28 14:37+00:00
2026-02-28 14:30+00:00,2026-02-28 14:39+00:00
2026-02-28 14:40+00:00,2026-02-28 14:40+00:00
2026-02-28 14:25+00:00,2026-02-28 14:40+00:00
2026-02-28 14:20+00:00,2026-02-28 14:42+00:00
2026-02-28 13:50+00:00,2026-02-28 14:43+00:00
2026-02-28 13:55+00:00,2026-02-28 14:45+00:00
2026-02-28 14:40+00:00,2026-02-28 14:46+00:00
2026-02-28 14:30+00:00,2026-02-28 14:48+00:00
2026-02-28 14:30+00:00,2026-02-28 14:49+00:00
2026-02-28 14:15+00:00,2026-02-28 14:50+00:00
2026-02-28 14:25+00:00,2026-02-28 14:51+00:00
2026-02-28 14:40+00:00,2026-02-28 14:53+00:00
2026-02-28 14:40+00:00,2026-02-28 14:54+00:00
2026-02-28 14:55+00:00,2026-02-28 14:55+00:00
2026-02-28 14:30+00:00,2026-02-28 14:55+00:00
2026-02-28 14:35+00:00,2026-02-28 14:58+00:00
2026-02-28 14:40+00:00,2026-02-28 15:00+00:00
2026-02-28 14:50+00:00,2026-02-28 15:02+00:00
2026-02-28 14:45+00:00,2026-02-28 15:03+00:00
2026-02-28 14:45+00:00,2026-02-28 15:05+00:00
2026-02-28 14:45+00:00,2026-02-28 15:07+00:00
2026-02-28 14:50+00:00,2026-02-28 15:09+00:00
2026-02-28 15:10+00:00,2026-02-28 15:10+00:00
2026-02-28 14:35+00:00,2026-02-28 15:14+00:00
2026-02-28 15:00+00:00,2026-02-28 15:14+00:00
2026-02-28 14:55+00:00,2026-02-28 15:16+00:00
2026-02-28 15:10+00:00,2026-02-28 15:17+00:00
2026-02-28 14:45+00:00,2026-02-28 15:18+00:00
2026-02-28 15:00+00:00,2026-02-28 15:20+00:00
2026-02-28 14:35+00:00,2026-02-28 15:21+00:00
2026-02-28 15:05+00:00,2026-02-28 15:23+00:00
2026-02-28 15:15+00:00,2026-02-28 15:25+00:00
2026-02-28 13:15+00:00,2026-02-28 15:26+00:00
2026-02-28 15:00+00:00,2026-02-28 15:27+00:00
2026-02-28 15:05+00:00,2026-02-28 15:28+00:00
2026-02-28 15:00+00:00,2026-02-28 15:29+00:00
2026-02-28 15:10+00:00,2026-02-28 15:30+00:00
2026-02-28 15:05+00:00,2026-02-28 15:31+00:00
2026-02-28 15:00+00:00,2026-02-28 15:34+00:00
2026-02-28 15:05+00:00,2026-02-28 15:36+00:00
2026-02-28 15:15+00:00,2026-02-28 15:37+00:00
2026-02-27 21:15+00:00,2026-02-28 15:38+00:00
2026-02-28 15:20+00:00,2026-02-28 15:39+00:00
2026-02-28 15:20+00:00,2026-02-28 15:41+00:00
2026-02-28 15:15+00:00,2026-02-28 15:42+00:00
2026-02-28 15:10+00:00,2026-02-28 15:43+00:00
2026-02-28 15:45+00:00,2026-02-28 15:45+00:00
2026-02-28 15:25+00:00,2026-02-28 15:45+00:00
2026-02-28 15:20+00:00,2026-02-28 15:47+00:00
2026-02-28 15:25+00:00,2026-02-28 15:48+00:00
2026-02-28 15:30+00:00,2026-02-28 15:49+00:00
2026-02-28 15:50+00:00,2026-02-28 15:50+00:00
2026-02-28 15:35+00:00,2026-02-28 15:55+00:00
2026-02-28 15:30+00:00,2026-02-28 15:56+00:00
2026-02-28 15:25+00:00,2026-02-28 15:58+00:00
2026-02-28 15:50+00:00,2026-02-28 15:59+00:00
2026-02-28 16:00+00:00,2026-02-28 16:00+00:00
2026-02-28 16:00+00:00,2026-02-28 16:00+00:00
2026-02-28 15:35+00:00,2026-02-28 16:01+00:00
2026-02-28 15:45+00:00,2026-02-28 16:03+00:00
2026-02-28 15:30+00:00,2026-02-28 16:04+00:00
2026-02-28 15:30+00:00,2026-02-28 16:05+00:00
2026-02-28 15:50+00:00,2026-02-28 16:06+00:00
2026-02-28 15:40+00:00,2026-02-28 16:07+00:00
2026-02-28 15:35+00:00,2026-02-28 16:08+00:00
2026-02-28 15:55+00:00,2026-02-28 16:11+00:00
2026-02-28 14:50+00:00,2026-02-28 16:13+00:00
2026-02-28 16:00+00:00,2026-02-28 16:14+00:00
2026-02-28 16:15+00:00,2026-02-28 16:15+00:00
2026-02-28 16:10+00:00,2026-02-28 16:16+00:00
2026-02-28 16:10+00:00,2026-02-28 16:17+00:00
2026-02-28 15:45+00:00,2026-02-28 16:18+00:00
2026-02-28 16:10+00:00,2026-02-28 16:19+00:00
2026-02-28 16:00+00:00,2026-02-28 16:20+00:00
2026-02-28 16:00+00:00,2026-02-28 16:21+00:00
2026-02-28 16:15+00:00,2026-02-28 16:22+00:00
2026-02-28 15:45+00:00,2026-02-28 16:24+00:00
2026-02-28 16:05+00:00,2026-02-28 16:26+00:00
2026-02-28 15:55+00:00,2026-02-28 16:28+00:00
2026-02-28 16:10+00:00,2026-02-28 16:29+00:00
2026-02-28 16:20+00:00,2026-02-28 16:31+00:00
2026-02-28 16:25+00:00,2026-02-28 16:32+00:00
2026-02-28 15:35+00:00,2026-02-28 16:32+00:00
2026-02-28 16:10+00:00,2026-02-28 16:33+00:00
2026-02-28 16:15+00:00,2026-02-28 16:35+00:00
2026-02-28 16:20+00:00,2026-02-28 16:36+00:00
2026-02-28 16:15+00:00,2026-02-28 16:37+00:00
2026-02-28 16:25+00:00,2026-02-28 16:38+00:00
2026-02-28 16:30+00:00,2026-02-28 16:40+00:00
2026-02-28 16:25+00:00,2026-02-28 16:41+00:00
2026-02-28 16:35+00:00,2026-02-28 16:44+00:00
2026-02-28 16:35+00:00,2026-02-28 16:45+00:00
2026-02-28 16:25+00:00,2026-02-28 16:47+00:00
2026-02-28 16:35+00:00,2026-02-28 16:48+00:00
2026-02-28 16:30+00:00,2026-02-28 16:50+00:00
2026-02-28 16:35+00:00,2026-02-28 16:51+00:00
2026-02-28 16:30+00:00,2026-02-28 16:52+00:00
2026-02-28 16:40+00:00,2026-02-28 16:54+00:00
2026-02-28 16:30+00:00,2026-02-28 16:55+00:00
2026-02-28 16:25+00:00,2026-02-28 16:57+00:00
2026-02-28 16:05+00:00,2026-02-28 16:58+00:00
2026-02-28 16:40+00:00,2026-02-28 16:59+00:00
2026-02-28 16:50+00:00,2026-02-28 17:01+00:00
2026-02-28 16:40+00:00,2026-02-28 17:03+00:00
2026-02-28 16:50+00:00,2026-02-28 17:05+00:00
2026-02-28 16:55+00:00,2026-02-28 17:06+00:00
2026-02-28 16:40+00:00,2026-02-28 17:07+00:00
2026-02-28 16:55+00:00,2026-02-28 17:08+00:00
2026-02-28 16:50+00:00,2026-02-28 17:10+00:00
2026-02-28 17:00+00:00,2026-02-28 17:11+00:00
2026-02-28 17:00+00:00,2026-02-28 17:12+00:00
2026-02-28 17:10+00:00,2026-02-28 17:15+00:00
2026-02-28 17:00+00:00,2026-02-28 17:19+00:00
2026-02-28 13:00+00:00,2026-02-28 17:20+00:00
2026-02-28 17:00+00:00,2026-02-28 17:21+00:00
2026-02-28 17:10+00:00,2026-02-28 17:23+00:00
2026-02-28 15:15+00:00,2026-02-28 17:26+00:00
2026-02-28 17:05+00:00,2026-02-28 17:31+00:00
2026-02-28 17:20+00:00,2026-02-28 17:34+00:00
2026-02-28 17:30+00:00,2026-02-28 17:36+00:00
2026-02-28 17:35+00:00,2026-02-28 17:37+00:00
2026-02-28 17:30+00:00,2026-02-28 17:39+00:00
2026-02-28 17:05+00:00,2026-02-28 17:40+00:00
2026-02-28 17:25+00:00,2026-02-28 17:42+00:00
2026-02-28 16:05+00:00,2026-02-28 17:44+00:00
2026-02-28 17:25+00:00,2026-02-28 17:45+00:00
2026-02-28 17:35+00:00,2026-02-28 17:47+00:00
2026-02-28 17:45+00:00,2026-02-28 17:48+00:00
2026-02-28 17:20+00:00,2026-02-28 17:48+00:00
2026-02-28 17:25+00:00,2026-02-28 17:50+00:00
2026-02-28 17:40+00:00,2026-02-28 17:51+00:00
2026-02-28 17:45+00:00,2026-02-28 17:52+00:00
2026-02-28 17:25+00:00,2026-02-28 17:54+00:00
2026-02-28 17:45+00:00,2026-02-28 17:56+00:00
2026-02-28 17:55+00:00,2026-02-28 17:58+00:00
2026-02-28 17:45+00:00,2026-02-28 18:00+00:00
2026-02-28 17:20+00:00,2026-02-28 18:02+00:00
2026-02-28 17:45+00:00,2026-02-28 18:03+00:00
2026-02-28 18:15+00:00,2026-02-28 18:04+00:00
2026-02-28 18:00+00:00,2026-02-28 18:04+00:00
2026-02-28 17:50+00:00,2026-02-28 18:05+00:00
2026-02-28 17:50+00:00,2026-02-28 18:06+00:00
2026-02-28 17:40+00:00,2026-02-28 18:08+00:00
2026-02-28 18:00+00:00,2026-02-28 18:09+00:00
2026-02-28 18:10+00:00,2026-02-28 18:10+00:00
2026-02-28 17:55+00:00,2026-02-28 18:10+00:00
2026-02-28 18:05+00:00,2026-02-28 18:11+00:00
2026-02-28 17:50+00:00,2026-02-28 18:12+00:00
2026-02-28 17:35+00:00,2026-02-28 18:14+00:00
2026-02-28 18:00+00:00,2026-02-28 18:15+00:00
2026-02-28 18:15+00:00,2026-02-28 18:16+00:00
2026-02-28 17:55+00:00,2026-02-28 18:16+00:00
2026-02-28 18:00+00:00,2026-02-28 18:17+00:00
2026-02-28 18:25+00:00,2026-02-28 18:19+00:00
2026-02-28 18:15+00:00,2026-02-28 18:19+00:00
2026-02-28 18:20+00:00,2026-02-28 18:21+00:00
2026-02-28 16:50+00:00,2026-02-28 18:23+00:00
2026-02-28 18:25+00:00,2026-02-28 18:25+00:00
2026-02-28 18:05+00:00,2026-02-28 18:25+00:00
2026-02-28 18:30+00:00,2026-02-28 18:27+00:00
2026-02-28 18:10+00:00,2026-02-28 18:28+00:00
2026-02-28 18:45+00:00,2026-02-28 18:29+00:00
2026-02-28 18:35+00:00,2026-02-28 18:29+00:00
2026-02-28 18:30+00:00,2026-02-28 18:30+00:00
2026-02-28 18:30+00:00,2026-02-28 18:31+00:00
2026-02-28 18:30+00:00,2026-02-28 18:31+00:00
2026-02-28 18:15+00:00,2026-02-28 18:32+00:00
2026-02-28 18:30+00:00,2026-02-28 18:32+00:00
2026-02-28 18:20+00:00,2026-02-28 18:34+00:00
2026-02-28 17:15+00:00,2026-02-28 18:35+00:00
2026-02-28 18:25+00:00,2026-02-28 18:36+00:00
2026-02-28 18:25+00:00,2026-02-28 18:36+00:00
2026-02-28 18:10+00:00,2026-02-28 18:37+00:00
2026-02-28 18:05+00:00,2026-02-28 18:38+00:00
2026-02-28 18:40+00:00,2026-02-28 18:40+00:00
2026-02-28 18:40+00:00,2026-02-28 18:40+00:00
2026-02-28 18:40+00:00,2026-02-28 18:40+00:00
2026-02-28 18:45+00:00,2026-02-28 18:45+00:00
2026-02-28 18:50+00:00,2026-02-28 18:50+00:00
2026-02-28 18:50+00:00,2026-02-28 18:50+00:00
2026-02-28 18:50+00:00,2026-02-28 18:50+00:00
2026-02-28 18:50+00:00,2026-02-28 18:50+00:00
2026-02-28 18:55+00:00,2026-02-28 18:55+00:00
2026-02-28 18:55+00:00,2026-02-28 18:55+00:00
2026-02-28 18:55+00:00,2026-02-28 18:55+00:00
2026-02-28 18:55+00:00,2026-02-28 18:55+00:00
2026-02-28 19:00+00:00,2026-02-28 19:00+00:00
2026-02-28 19:00+00:00,2026-02-28 19:00+00:00
2026-02-28 19:00+00:00,2026-02-28 19:00+00:00
2026-02-28 19:05+00:00,2026-02-28 19:05+00:00
2026-02-28 19:05+00:00,2026-02-28 19:05+00:00
2026-02-28 19:10+00:00,2026-02-28 19:10+00:00
2026-02-28 19:10+00:00,2026-02-28 19:10+00:00
2026-02-28 19:10+00:00,2026-02-28 19:10+00:00
2026-02-28 19:10+00:00,2026-02-28 19:10+00:00
2026-02-28 19:15+00:00,2026-02-28 19:15+00:00
2026-02-28 19:20+00:00,2026-02-28 19:20+00:00
2026-02-28 19:20+00:00,2026-02-28 19:20+00:00
2026-02-28 19:20+00:00,2026-02-28 19:20+00:00
2026-02-28 19:20+00:00,2026-02-28 19:20+00:00
2026-02-28 19:20+00:00,2026-02-28 19:20+00:00
2026-02-28 19:25+00:00,2026-02-28 19:25+00:00
2026-02-28 19:25+00:00,2026-02-28 19:25+00:00
2026-02-28 19:30+00:00,2026-02-28 19:30+00:00
2026-02-28 19:30+00:00,2026-02-28 19:30+00:00
2026-02-28 19:35+00:00,2026-02-28 19:35+00:00
2026-02-28 19:40+00:00,2026-02-28 19:40+00:00
2026-02-28 19:40+00:00,2026-02-28 19:40+00:00
2026-02-28 19:40+00:00,2026-02-28 19:40+00:00
2026-02-28 19:50+00:00,2026-02-28 19:50+00:00
2026-02-28 19:55+00:00,2026-02-28 19:55+00:00
2026-02-28 19:55+00:00,2026-02-28 19:55+00:00
2026-02-28 20:00+00:00,2026-02-28 20:00+00:00
2026-02-28 20:00+00:00,2026-02-28 20:00+00:00
2026-02-28 20:00+00:00,2026-02-28 20:00+00:00
2026-02-28 20:00+00:00,2026-02-28 20:00+00:00
2026-02-28 20:00+00:00,2026-02-28 20:00+00:00
2026-02-28 20:00+00:00,2026-02-28 20:00+00:00
2026-02-28 20:05+00:00,2026-02-28 20:05+00:00
2026-02-28 20:10+00:00,2026-02-28 20:10+00:00
2026-02-28 20:10+00:00,2026-02-28 20:10+00:00
2026-02-28 20:10+00:00,2026-02-28 20:10+00:00
2026-02-28 20:15+00:00,2026-02-28 20:15+00:00
2026-02-28 20:15+00:00,2026-02-28 20:15+00:00
2026-02-28 20:15+00:00,2026-02-28 20:15+00:00
2026-02-28 20:15+00:00,2026-02-28 20:15+00:00
2026-02-28 20:20+00:00,2026-02-28 20:20+00:00
2026-02-28 20:20+00:00,2026-02-28 20:20+00:00
2026-02-28 20:20+00:00,2026-02-28 20:20+00:00
2026-02-28 20:25+00:00,2026-02-28 20:25+00:00
2026-02-28 20:25+00:00,2026-02-28 20:25+00:00
2026-02-28 20:30+00:00,2026-02-28 20:30+00:00
2026-02-28 20:30+00:00,2026-02-28 20:30+00:00
2026-02-28 20:30+00:00,2026-02-28 20:30+00:00
2026-02-28 20:35+00:00,2026-02-28 20:35+00:00
2026-02-28 20:35+00:00,2026-02-28 20:35+00:00
2026-02-28 20:35+00:00,2026-02-28 20:35+00:00
2026-02-28 20:40+00:00,2026-02-28 20:40+00:00
2026-02-28 20:45+00:00,2026-02-28 20:45+00:00
2026-02-28 20:50+00:00,2026-02-28 20:50+00:00
2026-02-28 20:55+00:00,2026-02-28 20:55+00:00
2026-02-28 21:00+00:00,2026-02-28 21:00+00:00
2026-02-28 21:00+00:00,2026-02-28 21:00+00:00
2026-02-28 21:00+00:00,2026-02-28 21:00+00:00
2026-02-28 21:00+00:00,2026-02-28 21:00+00:00
2026-02-28 21:10+00:00,2026-02-28 21:10+00:00
2026-02-28 21:10+00:00,2026-02-28 21:10+00:00
2026-02-28 21:15+00:00,2026-02-28 21:15+00:00
2026-02-28 21:15+00:00,2026-02-28 21:15+00:00
2026-02-28 21:15+00:00,2026-02-28 21:15+00:00
2026-02-28 21:20+00:00,2026-02-28 21:20+00:00
2026-02-28 21:20+00:00,2026-02-28 21:20+00:00
2026-02-28 21:25+00:00,2026-02-28 21:25+00:00
2026-02-28 21:25+00:00,2026-02-28 21:25+00:00
2026-02-28 21:30+00:00,2026-02-28 21:30+00:00
2026-02-28 21:30+00:00,2026-02-28 21:30+00:00
2026-02-28 20:30+00:00,2026-02-28 21:30+00:00
2026-02-28 21:30+00:00,2026-02-28 21:30+00:00
2026-02-28 21:35+00:00,2026-02-28 21:35+00:00
2026-02-28 21:05+00:00,2026-02-28 21:35+00:00
2026-02-28 21:35+00:00,2026-02-28 21:35+00:00
2026-02-28 21:35+00:00,2026-02-28 21:35+00:00
2026-02-28 21:40+00:00,2026-02-28 21:40+00:00
2026-02-28 21:05+00:00,2026-02-28 21:40+00:00
2026-02-28 21:45+00:00,2026-02-28 21:45+00:00
2026-02-28 21:50+00:00,2026-02-28 21:50+00:00
2026-02-28 21:50+00:00,2026-02-28 21:50+00:00
2026-02-28 22:00+00:00,2026-02-28 22:00+00:00
2026-02-28 22:00+00:00,2026-02-28 22:00+00:00
2026-02-28 22:00+00:00,2026-02-28 22:00+00:00
2026-02-28 22:00+00:00,2026-02-28 22:00+00:00
2026-02-28 22:00+00:00,2026-02-28 22:00+00:00
2026-02-28 22:05+00:00,2026-02-28 22:05+00:00
2026-02-28 22:05+00:00,2026-02-28 22:05+00:00
2026-02-28 22:05+00:00,2026-02-28 22:05+00:00
2026-02-28 22:10+00:00,2026-02-28 22:10+00:00
2026-02-28 22:10+00:00,2026-02-28 22:10+00:00
2026-02-28 22:15+00:00,2026-02-28 22:15+00:00
2026-02-28 22:15+00:00,2026-02-28 22:15+00:00
2026-02-28 22:20+00:00,2026-02-28 22:20+00:00
2026-02-28 22:20+00:00,2026-02-28 22:20+00:00
2026-02-28 22:25+00:00,2026-02-28 22:25+00:00
2026-02-28 22:30+00:00,2026-02-28 22:30+00:00
2026-02-28 22:30+00:00,2026-02-28 22:30+00:00
2026-02-28 20:05+00:00,2026-02-28 22:30+00:00
2026-02-28 22:30+00:00,2026-02-28 22:30+00:00
2026-02-28 22:35+00:00,2026-02-28 22:35+00:00
2026-02-28 18:50+00:00,2026-03-01 00:00+00:00
2026-03-01 06:00+00:00,2026-03-01 06:00+00:00
2026-03-01 06:00+00:00,2026-03-01 06:00+00:00
2026-03-01 06:00+00:00,2026-03-01 06:00+00:00
2026-03-01 06:05+00:00,2026-03-01 06:05+00:00
2026-03-01 06:15+00:00,2026-03-01 06:15+00:00
2026-03-01 06:20+00:00,2026-03-01 06:20+00:00
2026-03-01 06:20+00:00,2026-03-01 06:20+00:00
2026-03-01 06:30+00:00,2026-03-01 06:30+00:00
2026-03-01 06:30+00:00,2026-03-01 06:30+00:00
2026-03-01 06:30+00:00,2026-03-01 06:30+00:00
2026-03-01 06:35+00:00,2026-03-01 06:35+00:00
2026-03-01 06:35+00:00,2026-03-01 06:35+00:00
2026-03-01 06:40+00:00,2026-03-01 06:40+00:00
2026-03-01 06:40+00:00,2026-03-01 06:40+00:00
2026-03-01 06:45+00:00,2026-03-01 06:45+00:00
2026-03-01 06:50+00:00,2026-03-01 06:50+00:00
2026-03-01 06:50+00:00,2026-03-01 06:50+00:00
2026-03-01 06:50+00:00,2026-03-01 06:50+00:00
2026-03-01 06:50+00:00,2026-03-01 06:50+00:00
2026-03-01 06:50+00:00,2026-03-01 06:50+00:00
2026-03-01 06:55+00:00,2026-03-01 06:55+00:00
2026-03-01 06:55+00:00,2026-03-01 06:55+00:00
2026-03-01 07:00+00:00,2026-03-01 07:00+00:00
2026-03-01 07:00+00:00,2026-03-01 07:00+00:00
2026-03-01 07:00+00:00,2026-03-01 07:00+00:00
2026-03-01 07:00+00:00,2026-03-01 07:00+00:00
2026-03-01 07:05+00:00,2026-03-01 07:05+00:00
2026-03-01 07:05+00:00,2026-03-01 07:05+00:00
2026-03-01 07:05+00:00,2026-03-01 07:05+00:00
2026-03-01 07:10+00:00,2026-03-01 07:10+00:00
2026-03-01 07:15+00:00,2026-03-01 07:15+00:00
2026-03-01 07:15+00:00,2026-03-01 07:15+00:00
2026-03-01 07:20+00:00,2026-03-01 07:20+00:00
2026-03-01 07:20+00:00,2026-03-01 07:20+00:00
2026-03-01 07:20+00:00,2026-03-01 07:20+00:00
2026-03-01 07:20+00:00,2026-03-01 07:20+00:00
2026-03-01 07:25+00:00,2026-03-01 07:25+00:00
2026-03-01 07:30+00:00,2026-03-01 07:30+00:00
2026-03-01 07:30+00:00,2026-03-01 07:30+00:00
2026-03-01 07:35+00:00,2026-03-01 07:35+00:00
2026-03-01 07:35+00:00,2026-03-01 07:35+00:00
2026-03-01 07:40+00:00,2026-03-01 07:40+00:00
2026-03-01 07:40+00:00,2026-03-01 07:40+00:00
2026-03-01 07:40+00:00,2026-03-01 07:40+00:00
2026-03-01 07:45+00:00,2026-03-01 07:45+00:00
2026-03-01 07:45+00:00,2026-03-01 07:45+00:00
2026-03-01 07:45+00:00,2026-03-01 07:45+00:00
2026-03-01 07:45+00:00,2026-03-01 07:45+00:00
2026-03-01 07:50+00:00,2026-03-01 07:50+00:00
2026-03-01 07:50+00:00,2026-03-01 07:50+00:00
2026-03-01 07:50+00:00,2026-03-01 07:50+00:00
2026-03-01 07:55+00:00,2026-03-01 07:55+00:00
2026-03-01 07:55+00:00,2026-03-01 07:55+00:00
2026-03-01 07:55+00:00,2026-03-01 07:55+00:00
2026-03-01 07:55+00:00,2026-03-01 07:55+00:00
2026-03-01 07:55+00:00,2026-03-01 07:55+00:00
2026-03-01 08:00+00:00,2026-03-01 08:00+00:00
2026-03-01 08:00+00:00,2026-03-01 08:00+00:00
2026-03-01 08:00+00:00,2026-03-01 08:00+00:00
2026-03-01 08:00+00:00,2026-03-01 08:00+00:00
2026-03-01 08:00+00:00,2026-03-01 08:00+00:00
2026-03-01 08:00+00:00,2026-03-01 08:00+00:00
2026-03-01 08:00+00:00,2026-03-01 08:00+00:00
2026-03-01 08:00+00:00,2026-03-01 08:00+00:00
2026-03-01 08:00+00:00,2026-03-01 08:00+00:00
2026-03-01 08:00+00:00,2026-03-01 08:00+00:00
2026-03-01 08:05+00:00,2026-03-01 08:05+00:00
2026-03-01 08:05+00:00,2026-03-01 08:05+00:00
2026-03-01 08:05+00:00,2026-03-01 08:05+00:00
2026-03-01 08:05+00:00,2026-03-01 08:05+00:00
2026-03-01 08:10+00:00,2026-03-01 08:10+00:00
2026-03-01 08:15+00:00,2026-03-01 08:15+00:00
2026-03-01 08:15+00:00,2026-03-01 08:15+00:00
2026-03-01 08:15+00:00,2026-03-01 08:15+00:00
2026-03-01 08:15+00:00,2026-03-01 08:15+00:00
2026-03-01 08:20+00:00,2026-03-01 08:20+00:00
2026-03-01 08:20+00:00,2026-03-01 08:20+00:00
2026-03-01 08:20+00:00,2026-03-01 08:20+00:00
2026-03-01 08:20+00:00,2026-03-01 08:20+00:00
2026-03-01 08:20+00:00,2026-03-01 08:20+00:00
2026-03-01 08:25+00:00,2026-03-01 08:25+00:00
2026-03-01 08:25+00:00,2026-03-01 08:25+00:00
2026-03-01 08:25+00:00,2026-03-01 08:25+00:00
2026-03-01 08:25+00:00,2026-03-01 08:25+00:00
2026-03-01 08:25+00:00,2026-03-01 08:25+00:00
2026-03-01 08:30+00:00,2026-03-01 08:30+00:00
2026-03-01 08:30+00:00,2026-03-01 08:30+00:00
2026-03-01 08:35+00:00,2026-03-01 08:35+00:00
2026-03-01 08:35+00:00,2026-03-01 08:35+00:00
2026-03-01 08:35+00:00,2026-03-01 08:35+00:00
2026-03-01 08:40+00:00,2026-03-01 08:40+00:00
2026-03-01 08:40+00:00,2026-03-01 08:40+00:00
2026-03-01 08:40+00:00,2026-03-01 08:40+00:00
2026-03-01 08:40+00:00,2026-03-01 08:40+00:00
2026-03-01 08:40+00:00,2026-03-01 08:40+00:00
2026-03-01 08:45+00:00,2026-03-01 08:45+00:00
2026-03-01 08:45+00:00,2026-03-01 08:45+00:00
2026-03-01 08:45+00:00,2026-03-01 08:45+00:00
2026-03-01 08:45+00:00,2026-03-01 08:45+00:00
2026-03-01 08:50+00:00,2026-03-01 08:50+00:00
2026-03-01 08:50+00:00,2026-03-01 08:50+00:00
2026-03-01 08:50+00:00,2026-03-01 08:50+00:00
2026-03-01 08:50+00:00,2026-03-01 08:50+00:00
2026-03-01 08:55+00:00,2026-03-01 08:55+00:00
2026-03-01 08:55+00:00,2026-03-01 08:55+00:00
2026-03-01 08:55+00:00,2026-03-01 08:55+00:00
2026-03-01 08:55+00:00,2026-03-01 08:55+00:00
2026-03-01 08:55+00:00,2026-03-01 08:55+00:00
2026-03-01 09:00+00:00,2026-03-01 09:00+00:00
2026-03-01 09:00+00:00,2026-03-01 09:00+00:00
2026-03-01 09:00+00:00,2026-03-01 09:00+00:00
2026-03-01 09:00+00:00,2026-03-01 09:00+00:00
2026-03-01 09:05+00:00,2026-03-01 09:05+00:00
2026-03-01 09:05+00:00,2026-03-01 09:05+00:00
2026-03-01 09:05+00:00,2026-03-01 09:05+00:00
2026-03-01 09:10+00:00,2026-03-01 09:10+00:00
2026-03-01 09:10+00:00,2026-03-01 09:10+00:00
2026-03-01 09:15+00:00,2026-03-01 09:15+00:00
2026-03-01 09:15+00:00,2026-03-01 09:15+00:00
2026-03-01 09:15+00:00,2026-03-01 09:15+00:00
2026-03-01 09:20+00:00,2026-03-01 09:20+00:00
2026-03-01 09:20+00:00,2026-03-01 09:20+00:00
2026-03-01 09:20+00:00,2026-03-01 09:20+00:00
2026-03-01 09:20+00:00,2026-03-01 09:20+00:00
2026-03-01 09:25+00:00,2026-03-01 09:25+00:00
2026-03-01 09:25+00:00,2026-03-01 09:25+00:00
2026-03-01 09:25+00:00,2026-03-01 09:25+00:00
2026-03-01 09:25+00:00,2026-03-01 09:25+00:00
2026-03-01 09:30+00:00,2026-03-01 09:30+00:00
2026-03-01 09:30+00:00,2026-03-01 09:30+00:00
2026-03-01 09:30+00:00,2026-03-01 09:30+00:00
2026-03-01 09:30+00:00,2026-03-01 09:30+00:00
2026-03-01 09:35+00:00,2026-03-01 09:35+00:00
2026-03-01 09:35+00:00,2026-03-01 09:35+00:00
2026-03-01 09:35+00:00,2026-03-01 09:35+00:00
2026-03-01 09:40+00:00,2026-03-01 09:40+00:00
2026-03-01 09:40+00:00,2026-03-01 09:40+00:00
2026-03-01 09:40+00:00,2026-03-01 09:40+00:00
2026-03-01 09:40+00:00,2026-03-01 09:40+00:00
2026-03-01 09:45+00:00,2026-03-01 09:45+00:00
2026-03-01 09:45+00:00,2026-03-01 09:45+00:00
2026-03-01 09:45+00:00,2026-03-01 09:45+00:00
2026-03-01 09:45+00:00,2026-03-01 09:45+00:00
2026-03-01 09:50+00:00,2026-03-01 09:50+00:00
2026-03-01 09:50+00:00,2026-03-01 09:50+00:00
2026-03-01 09:50+00:00,2026-03-01 09:50+00:00
2026-03-01 09:55+00:00,2026-03-01 09:55+00:00
2026-03-01 09:55+00:00,2026-03-01 09:55+00:00
2026-03-01 09:55+00:00,2026-03-01 09:55+00:00
2026-03-01 09:55+00:00,2026-03-01 09:55+00:00
2026-03-01 10:00+00:00,2026-03-01 10:00+00:00
2026-03-01 10:00+00:00,2026-03-01 10:00+00:00
2026-03-01 10:00+00:00,2026-03-01 10:00+00:00
2026-03-01 10:00+00:00,2026-03-01 10:00+00:00
2026-03-01 10:05+00:00,2026-03-01 10:05+00:00
2026-03-01 10:05+00:00,2026-03-01 10:05+00:00
2026-03-01 10:05+00:00,2026-03-01 10:05+00:00
2026-03-01 10:05+00:00,2026-03-01 10:05+00:00
2026-03-01 10:05+00:00,2026-03-01 10:05+00:00
2026-03-01 10:10+00:00,2026-03-01 10:10+00:00
2026-03-01 10:10+00:00,2026-03-01 10:10+00:00
2026-03-01 10:10+00:00,2026-03-01 10:10+00:00
2026-03-01 10:15+00:00,2026-03-01 10:15+00:00
2026-03-01 10:20+00:00,2026-03-01 10:20+00:00
2026-03-01 10:20+00:00,2026-03-01 10:20+00:00
2026-03-01 10:20+00:00,2026-03-01 10:20+00:00
2026-03-01 10:20+00:00,2026-03-01 10:20+00:00
2026-03-01 10:25+00:00,2026-03-01 10:25+00:00
2026-03-01 10:25+00:00,2026-03-01 10:25+00:00
2026-03-01 10:25+00:00,2026-03-01 10:25+00:00
2026-03-01 10:30+00:00,2026-03-01 10:30+00:00
2026-03-01 10:30+00:00,2026-03-01 10:30+00:00
2026-03-01 10:30+00:00,2026-03-01 10:30+00:00
2026-03-01 10:35+00:00,2026-03-01 10:35+00:00
2026-03-01 10:35+00:00,2026-03-01 10:35+00:00
2026-03-01 10:35+00:00,2026-03-01 10:35+00:00
2026-03-01 10:35+00:00,2026-03-01 10:35+00:00
2026-03-01 10:35+00:00,2026-03-01 10:35+00:00
2026-03-01 10:40+00:00,2026-03-01 10:40+00:00
2026-03-01 10:40+00:00,2026-03-01 10:40+00:00
2026-03-01 10:40+00:00,2026-03-01 10:40+00:00
2026-03-01 10:45+00:00,2026-03-01 10:45+00:00
2026-03-01 10:45+00:00,2026-03-01 10:45+00:00
2026-03-01 10:45+00:00,2026-03-01 10:45+00:00
2026-03-01 10:45+00:00,2026-03-01 10:45+00:00
2026-03-01 10:45+00:00,2026-03-01 10:45+00:00
2026-03-01 10:50+00:00,2026-03-01 10:50+00:00
2026-03-01 10:50+00:00,2026-03-01 10:50+00:00
2026-03-01 10:50+00:00,2026-03-01 10:50+00:00
2026-03-01 10:50+00:00,2026-03-01 10:50+00:00
2026-03-01 10:55+00:00,2026-03-01 10:55+00:00
2026-03-01 10:55+00:00,2026-03-01 10:55+00:00
2026-03-01 10:55+00:00,2026-03-01 10:55+00:00
2026-03-01 11:00+00:00,2026-03-01 11:00+00:00
2026-03-01 11:00+00:00,2026-03-01 11:00+00:00
2026-03-01 11:00+00:00,2026-03-01 11:00+00:00
2026-03-01 11:05+00:00,2026-03-01 11:05+00:00
2026-03-01 11:05+00:00,2026-03-01 11:05+00:00
2026-03-01 11:10+00:00,2026-03-01 11:10+00:00
2026-03-01 11:10+00:00,2026-03-01 11:10+00:00
2026-03-01 11:10+00:00,2026-03-01 11:10+00:00
2026-03-01 11:15+00:00,2026-03-01 11:15+00:00
2026-03-01 11:15+00:00,2026-03-01 11:15+00:00
2026-03-01 11:20+00:00,2026-03-01 11:20+00:00
2026-03-01 11:20+00:00,2026-03-01 11:20+00:00
2026-03-01 11:20+00:00,2026-03-01 11:20+00:00
2026-03-01 11:20+00:00,2026-03-01 11:20+00:00
2026-03-01 11:20+00:00,2026-03-01 11:20+00:00
2026-03-01 11:25+00:00,2026-03-01 11:25+00:00
2026-03-01 11:25+00:00,2026-03-01 11:25+00:00
2026-03-01 11:25+00:00,2026-03-01 11:25+00:00
2026-03-01 11:25+00:00,2026-03-01 11:25+00:00
2026-03-01 11:25+00:00,2026-03-01 11:25+00:00
2026-03-01 11:30+00:00,2026-03-01 11:30+00:00
2026-03-01 11:30+00:00,2026-03-01 11:30+00:00
2026-03-01 11:30+00:00,2026-03-01 11:30+00:00
2026-03-01 11:35+00:00,2026-03-01 11:35+00:00
2026-03-01 11:35+00:00,2026-03-01 11:35+00:00
2026-03-01 11:40+00:00,2026-03-01 11:40+00:00
2026-03-01 11:40+00:00,2026-03-01 11:40+00:00
2026-03-01 11:40+00:00,2026-03-01 11:40+00:00
2026-03-01 11:40+00:00,2026-03-01 11:40+00:00
2026-03-01 11:40+00:00,2026-03-01 11:40+00:00
2026-03-01 11:45+00:00,2026-03-01 11:45+00:00
2026-03-01 11:45+00:00,2026-03-01 11:45+00:00
2026-03-01 11:45+00:00,2026-03-01 11:45+00:00
2026-03-01 11:45+00:00,2026-03-01 11:45+00:00
2026-03-01 11:50+00:00,2026-03-01 11:50+00:00
2026-03-01 11:50+00:00,2026-03-01 11:50+00:00
2026-03-01 11:50+00:00,2026-03-01 11:50+00:00
2026-03-01 11:50+00:00,2026-03-01 11:50+00:00
2026-03-01 11:50+00:00,2026-03-01 11:50+00:00
2026-03-01 11:55+00:00,2026-03-01 11:55+00:00
2026-03-01 11:55+00:00,2026-03-01 11:55+00:00
2026-03-01 11:55+00:00,2026-03-01 11:55+00:00
2026-03-01 11:55+00:00,2026-03-01 11:55+00:00
2026-03-01 11:55+00:00,2026-03-01 11:55+00:00
2026-03-01 12:00+00:00,2026-03-01 12:00+00:00
2026-03-01 12:00+00:00,2026-03-01 12:00+00:00
2026-03-01 12:00+00:00,2026-03-01 12:00+00:00
2026-03-01 12:00+00:00,2026-03-01 12:00+00:00
2026-03-01 12:00+00:00,2026-03-01 12:00+00:00
2026-03-01 12:00+00:00,2026-03-01 12:00+00:00
2026-03-01 12:05+00:00,2026-03-01 12:05+00:00
2026-03-01 12:05+00:00,2026-03-01 12:05+00:00
2026-03-01 12:05+00:00,2026-03-01 12:05+00:00
2026-03-01 12:10+00:00,2026-03-01 12:10+00:00
2026-03-01 12:10+00:00,2026-03-01 12:10+00:00
2026-03-01 12:10+00:00,2026-03-01 12:10+00:00
2026-03-01 12:10+00:00,2026-03-01 12:10+00:00
2026-03-01 12:10+00:00,2026-03-01 12:10+00:00
2026-03-01 12:15+00:00,2026-03-01 12:15+00:00
2026-03-01 12:15+00:00,2026-03-01 12:15+00:00
2026-03-01 12:15+00:00,2026-03-01 12:15+00:00
2026-03-01 12:15+00:00,2026-03-01 12:15+00:00
2026-03-01 12:20+00:00,2026-03-01 12:20+00:00
2026-03-01 12:20+00:00,2026-03-01 12:20+00:00
2026-03-01 12:20+00:00,2026-03-01 12:20+00:00
2026-03-01 12:25+00:00,2026-03-01 12:25+00:00
2026-03-01 12:25+00:00,2026-03-01 12:25+00:00
2026-03-01 12:25+00:00,2026-03-01 12:25+00:00
2026-03-01 12:25+00:00,2026-03-01 12:25+00:00
2026-03-01 12:30+00:00,2026-03-01 12:30+00:00
2026-03-01 12:30+00:00,2026-03-01 12:30+00:00
2026-03-01 12:35+00:00,2026-03-01 12:35+00:00
2026-03-01 12:35+00:00,2026-03-01 12:35+00:00
2026-03-01 12:35+00:00,2026-03-01 12:35+00:00
2026-03-01 12:40+00:00,2026-03-01 12:40+00:00
2026-03-01 12:40+00:00,2026-03-01 12:40+00:00
2026-03-01 12:40+00:00,2026-03-01 12:40+00:00
2026-03-01 12:45+00:00,2026-03-01 12:45+00:00
2026-03-01 12:45+00:00,2026-03-01 12:45+00:00
2026-03-01 12:45+00:00,2026-03-01 12:45+00:00
2026-03-01 12:45+00:00,2026-03-01 12:45+00:00
2026-03-01 12:45+00:00,2026-03-01 12:45+00:00
2026-03-01 12:50+00:00,2026-03-01 12:50+00:00
2026-03-01 12:50+00:00,2026-03-01 12:50+00:00
2026-03-01 12:50+00:00,2026-03-01 12:50+00:00
2026-03-01 12:50+00:00,2026-03-01 12:50+00:00
2026-03-01 12:55+00:00,2026-03-01 12:55+00:00
2026-03-01 12:55+00:00,2026-03-01 12:55+00:00
2026-03-01 12:55+00:00,2026-03-01 12:55+00:00
2026-03-01 12:55+00:00,2026-03-01 12:55+00:00
2026-03-01 13:00+00:00,2026-03-01 13:00+00:00
2026-03-01 13:00+00:00,2026-03-01 13:00+00:00
2026-03-01 13:00+00:00,2026-03-01 13:00+00:00
2026-03-01 13:00+00:00,2026-03-01 13:00+00:00
2026-03-01 13:00+00:00,2026-03-01 13:00+00:00
2026-03-01 13:05+00:00,2026-03-01 13:05+00:00
2026-03-01 13:05+00:00,2026-03-01 13:05+00:00
2026-03-01 13:10+00:00,2026-03-01 13:10+00:00
2026-03-01 13:10+00:00,2026-03-01 13:10+00:00
2026-03-01 13:10+00:00,2026-03-01 13:10+00:00
2026-03-01 13:10+00:00,2026-03-01 13:10+00:00
2026-03-01 13:15+00:00,2026-03-01 13:15+00:00
2026-03-01 13:15+00:00,2026-03-01 13:15+00:00
2026-03-01 13:20+00:00,2026-03-01 13:20+00:00
2026-03-01 13:20+00:00,2026-03-01 13:20+00:00
2026-03-01 13:20+00:00,2026-03-01 13:20+00:00
2026-03-01 13:20+00:00,2026-03-01 13:20+00:00
2026-03-01 13:20+00:00,2026-03-01 13:20+00:00
2026-03-01 13:25+00:00,2026-03-01 13:25+00:00
2026-03-01 13:25+00:00,2026-03-01 13:25+00:00
2026-03-01 13:25+00:00,2026-03-01 13:25+00:00
2026-03-01 13:25+00:00,2026-03-01 13:25+00:00
2026-03-01 13:25+00:00,2026-03-01 13:25+00:00
2026-03-01 13:30+00:00,2026-03-01 13:30+00:00
2026-03-01 13:30+00:00,2026-03-01 13:30+00:00
2026-03-01 13:30+00:00,2026-03-01 13:30+00:00
2026-03-01 13:35+00:00,2026-03-01 13:35+00:00
2026-03-01 13:35+00:00,2026-03-01 13:35+00:00
2026-03-01 13:40+00:00,2026-03-01 13:40+00:00
2026-03-01 13:40+00:00,2026-03-01 13:40+00:00
2026-03-01 13:40+00:00,2026-03-01 13:40+00:00
2026-03-01 13:40+00:00,2026-03-01 13:40+00:00
2026-03-01 13:45+00:00,2026-03-01 13:45+00:00
2026-03-01 13:45+00:00,2026-03-01 13:45+00:00
2026-03-01 13:45+00:00,2026-03-01 13:45+00:00
2026-03-01 13:45+00:00,2026-03-01 13:45+00:00
2026-03-01 13:45+00:00,2026-03-01 13:45+00:00
2026-03-01 13:50+00:00,2026-03-01 13:50+00:00
2026-03-01 13:50+00:00,2026-03-01 13:50+00:00
2026-03-01 13:50+00:00,2026-03-01 13:50+00:00
2026-03-01 13:50+00:00,2026-03-01 13:50+00:00
2026-03-01 13:55+00:00,2026-03-01 13:55+00:00
2026-03-01 13:55+00:00,2026-03-01 13:55+00:00
2026-03-01 13:55+00:00,2026-03-01 13:55+00:00
2026-03-01 13:55+00:00,2026-03-01 13:55+00:00
2026-03-01 13:55+00:00,2026-03-01 13:55+00:00
2026-03-01 14:00+00:00,2026-03-01 14:00+00:00
2026-03-01 14:00+00:00,2026-03-01 14:00+00:00
2026-03-01 14:00+00:00,2026-03-01 14:00+00:00
2026-03-01 14:00+00:00,2026-03-01 14:00+00:00
2026-03-01 14:05+00:00,2026-03-01 14:05+00:00
2026-03-01 14:05+00:00,2026-03-01 14:05+00:00
2026-03-01 14:10+00:00,2026-03-01 14:10+00:00
2026-03-01 14:10+00:00,2026-03-01 14:10+00:00
2026-03-01 14:10+00:00,2026-03-01 14:10+00:00
2026-03-01 14:10+00:00,2026-03-01 14:10+00:00
2026-03-01 14:15+00:00,2026-03-01 14:15+00:00
2026-03-01 14:15+00:00,2026-03-01 14:15+00:00
2026-03-01 14:15+00:00,2026-03-01 14:15+00:00
2026-03-01 14:20+00:00,2026-03-01 14:20+00:00
2026-03-01 14:20+00:00,2026-03-01 14:20+00:00
2026-03-01 14:20+00:00,2026-03-01 14:20+00:00
2026-03-01 14:20+00:00,2026-03-01 14:20+00:00
2026-03-01 14:25+00:00,2026-03-01 14:25+00:00
2026-03-01 14:25+00:00,2026-03-01 14:25+00:00
2026-03-01 14:25+00:00,2026-03-01 14:25+00:00
2026-03-01 14:25+00:00,2026-03-01 14:25+00:00
2026-03-01 14:30+00:00,2026-03-01 14:30+00:00
2026-03-01 14:30+00:00,2026-03-01 14:30+00:00
2026-03-01 14:30+00:00,2026-03-01 14:30+00:00
2026-03-01 14:35+00:00,2026-03-01 14:35+00:00
2026-03-01 14:40+00:00,2026-03-01 14:40+00:00
2026-03-01 14:40+00:00,2026-03-01 14:40+00:00
2026-03-01 14:40+00:00,2026-03-01 14:40+00:00
2026-03-01 14:40+00:00,2026-03-01 14:40+00:00
2026-03-01 14:40+00:00,2026-03-01 14:40+00:00
2026-03-01 14:45+00:00,2026-03-01 14:45+00:00
2026-03-01 14:45+00:00,2026-03-01 14:45+00:00
2026-03-01 14:45+00:00,2026-03-01 14:45+00:00
2026-03-01 14:45+00:00,2026-03-01 14:45+00:00
2026-03-01 14:45+00:00,2026-03-01 14:45+00:00
2026-03-01 14:50+00:00,2026-03-01 14:50+00:00
2026-03-01 14:50+00:00,2026-03-01 14:50+00:00
2026-03-01 14:50+00:00,2026-03-01 14:50+00:00
2026-03-01 14:55+00:00,2026-03-01 14:55+00:00
2026-03-01 14:55+00:00,2026-03-01 14:55+00:00
2026-03-01 14:55+00:00,2026-03-01 14:55+00:00
2026-03-01 15:00+00:00,2026-03-01 15:00+00:00
2026-03-01 15:00+00:00,2026-03-01 15:00+00:00
2026-03-01 15:00+00:00,2026-03-01 15:00+00:00
2026-03-01 15:00+00:00,2026-03-01 15:00+00:00
2026-03-01 15:00+00:00,2026-03-01 15:00+00:00
2026-03-01 15:05+00:00,2026-03-01 15:05+00:00
2026-03-01 15:05+00:00,2026-03-01 15:05+00:00
2026-03-01 15:05+00:00,2026-03-01 15:05+00:00
2026-03-01 15:05+00:00,2026-03-01 15:05+00:00
2026-03-01 15:10+00:00,2026-03-01 15:10+00:00
2026-03-01 15:10+00:00,2026-03-01 15:10+00:00
2026-03-01 15:10+00:00,2026-03-01 15:10+00:00
2026-03-01 15:15+00:00,2026-03-01 15:15+00:00
2026-03-01 15:15+00:00,2026-03-01 15:15+00:00
2026-03-01 15:15+00:00,2026-03-01 15:15+00:00
2026-03-01 15:15+00:00,2026-03-01 15:15+00:00
2026-03-01 15:15+00:00,2026-03-01 15:15+00:00
2026-03-01 15:20+00:00,2026-03-01 15:20+00:00
2026-03-01 15:20+00:00,2026-03-01 15:20+00:00
2026-03-01 15:20+00:00,2026-03-01 15:20+00:00
2026-03-01 15:25+00:00,2026-03-01 15:25+00:00
2026-03-01 15:25+00:00,2026-03-01 15:25+00:00
2026-03-01 15:25+00:00,2026-03-01 15:25+00:00
2026-03-01 15:25+00:00,2026-03-01 15:25+00:00
2026-03-01 15:30+00:00,2026-03-01 15:30+00:00
2026-03-01 15:30+00:00,2026-03-01 15:30+00:00
2026-03-01 15:30+00:00,2026-03-01 15:30+00:00
2026-03-01 15:35+00:00,2026-03-01 15:35+00:00
2026-03-01 15:35+00:00,2026-03-01 15:35+00:00
2026-03-01 15:35+00:00,2026-03-01 15:35+00:00
2026-03-01 15:35+00:00,2026-03-01 15:35+00:00
2026-03-01 15:35+00:00,2026-03-01 15:35+00:00
2026-03-01 15:40+00:00,2026-03-01 15:40+00:00
2026-03-01 15:40+00:00,2026-03-01 15:40+00:00
2026-03-01 15:45+00:00,2026-03-01 15:45+00:00
2026-03-01 15:45+00:00,2026-03-01 15:45+00:00
2026-03-01 15:45+00:00,2026-03-01 15:45+00:00
2026-03-01 15:50+00:00,2026-03-01 15:50+00:00
2026-03-01 15:50+00:00,2026-03-01 15:50+00:00
2026-03-01 15:50+00:00,2026-03-01 15:50+00:00
2026-03-01 15:50+00:00,2026-03-01 15:50+00:00
2026-03-01 15:50+00:00,2026-03-01 15:50+00:00
2026-03-01 15:50+00:00,2026-03-01 15:50+00:00
2026-03-01 16:00+00:00,2026-03-01 16:00+00:00
2026-03-01 16:00+00:00,2026-03-01 16:00+00:00
2026-03-01 16:00+00:00,2026-03-01 16:00+00:00
2026-03-01 16:00+00:00,2026-03-01 16:00+00:00
2026-03-01 16:00+00:00,2026-03-01 16:00+00:00
2026-03-01 16:00+00:00,2026-03-01 16:00+00:00
2026-03-01 16:00+00:00,2026-03-01 16:00+00:00
2026-03-01 16:00+00:00,2026-03-01 16:00+00:00
2026-03-01 16:05+00:00,2026-03-01 16:05+00:00
2026-03-01 16:05+00:00,2026-03-01 16:05+00:00
2026-03-01 16:05+00:00,2026-03-01 16:05+00:00
2026-03-01 16:05+00:00,2026-03-01 16:05+00:00
2026-03-01 16:05+00:00,2026-03-01 16:05+00:00
2026-03-01 16:10+00:00,2026-03-01 16:10+00:00
2026-03-01 16:10+00:00,2026-03-01 16:10+00:00
2026-03-01 16:10+00:00,2026-03-01 16:10+00:00
2026-03-01 16:10+00:00,2026-03-01 16:10+00:00
2026-03-01 16:10+00:00,2026-03-01 16:10+00:00
2026-03-01 16:15+00:00,2026-03-01 16:15+00:00
2026-03-01 16:15+00:00,2026-03-01 16:15+00:00
2026-03-01 16:15+00:00,2026-03-01 16:15+00:00
2026-03-01 16:15+00:00,2026-03-01 16:15+00:00
2026-03-01 16:20+00:00,2026-03-01 16:20+00:00
2026-03-01 16:20+00:00,2026-03-01 16:20+00:00
2026-03-01 16:20+00:00,2026-03-01 16:20+00:00
2026-03-01 16:20+00:00,2026-03-01 16:20+00:00
2026-03-01 16:25+00:00,2026-03-01 16:25+00:00
2026-03-01 16:25+00:00,2026-03-01 16:25+00:00
2026-03-01 16:30+00:00,2026-03-01 16:30+00:00
2026-03-01 16:30+00:00,2026-03-01 16:30+00:00
2026-03-01 16:30+00:00,2026-03-01 16:30+00:00
2026-03-01 16:30+00:00,2026-03-01 16:30+00:00
2026-03-01 16:30+00:00,2026-03-01 16:30+00:00
2026-03-01 16:35+00:00,2026-03-01 16:35+00:00
2026-03-01 16:35+00:00,2026-03-01 16:35+00:00
2026-03-01 16:35+00:00,2026-03-01 16:35+00:00
2026-03-01 16:35+00:00,2026-03-01 16:35+00:00
2026-03-01 16:35+00:00,2026-03-01 16:35+00:00
2026-03-01 16:40+00:00,2026-03-01 16:40+00:00
2026-03-01 16:50+00:00,2026-03-01 16:50+00:00
2026-03-01 16:50+00:00,2026-03-01 16:50+00:00
2026-03-01 16:55+00:00,2026-03-01 16:55+00:00
2026-03-01 17:00+00:00,2026-03-01 17:00+00:00
2026-03-01 17:00+00:00,2026-03-01 17:00+00:00
2026-03-01 17:00+00:00,2026-03-01 17:00+00:00
2026-03-01 17:00+00:00,2026-03-01 17:00+00:00
2026-03-01 17:00+00:00,2026-03-01 17:00+00:00
2026-03-01 17:05+00:00,2026-03-01 17:05+00:00
2026-03-01 17:05+00:00,2026-03-01 17:05+00:00
2026-03-01 17:05+00:00,2026-03-01 17:05+00:00
2026-03-01 17:05+00:00,2026-03-01 17:05+00:00
2026-03-01 17:05+00:00,2026-03-01 17:05+00:00
2026-03-01 17:10+00:00,2026-03-01 17:10+00:00
2026-03-01 17:10+00:00,2026-03-01 17:10+00:00
2026-03-01 17:10+00:00,2026-03-01 17:10+00:00
2026-03-01 17:10+00:00,2026-03-01 17:10+00:00
2026-03-01 17:15+00:00,2026-03-01 17:15+00:00
2026-03-01 17:15+00:00,2026-03-01 17:15+00:00
2026-03-01 17:15+00:00,2026-03-01 17:15+00:00
2026-03-01 17:15+00:00,2026-03-01 17:15+00:00
2026-03-01 17:20+00:00,2026-03-01 17:20+00:00
2026-03-01 17:20+00:00,2026-03-01 17:20+00:00
2026-03-01 17:20+00:00,2026-03-01 17:20+00:00
2026-03-01 17:25+00:00,2026-03-01 17:25+00:00
2026-03-01 17:25+00:00,2026-03-01 17:25+00:00
2026-03-01 17:25+00:00,2026-03-01 17:25+00:00
2026-03-01 17:25+00:00,2026-03-01 17:25+00:00
2026-03-01 17:30+00:00,2026-03-01 17:30+00:00
2026-03-01 17:30+00:00,2026-03-01 17:30+00:00
2026-03-01 17:30+00:00,2026-03-01 17:30+00:00
2026-03-01 17:30+00:00,2026-03-01 17:30+00:00
2026-03-01 17:30+00:00,2026-03-01 17:30+00:00
2026-03-01 17:35+00:00,2026-03-01 17:35+00:00
2026-03-01 17:35+00:00,2026-03-01 17:35+00:00
2026-03-01 17:35+00:00,2026-03-01 17:35+00:00
2026-03-01 17:35+00:00,2026-03-01 17:35+00:00
2026-03-01 17:40+00:00,2026-03-01 17:40+00:00
2026-03-01 17:45+00:00,2026-03-01 17:45+00:00
2026-03-01 17:45+00:00,2026-03-01 17:45+00:00
2026-03-01 17:45+00:00,2026-03-01 17:45+00:00
2026-03-01 17:45+00:00,2026-03-01 17:45+00:00
2026-03-01 17:50+00:00,2026-03-01 17:50+00:00
2026-03-01 17:50+00:00,2026-03-01 17:50+00:00
2026-03-01 17:50+00:00,2026-03-01 17:50+00:00
2026-03-01 17:50+00:00,2026-03-01 17:50+00:00
2026-03-01 17:55+00:00,2026-03-01 17:55+00:00
2026-03-01 17:55+00:00,2026-03-01 17:55+00:00
2026-03-01 18:00+00:00,2026-03-01 18:00+00:00
2026-03-01 18:00+00:00,2026-03-01 18:00+00:00
2026-03-01 18:00+00:00,2026-03-01 18:00+00:00
2026-03-01 18:00+00:00,2026-03-01 18:00+00:00
2026-03-01 18:05+00:00,2026-03-01 18:05+00:00
2026-03-01 18:05+00:00,2026-03-01 18:05+00:00
2026-03-01 18:05+00:00,2026-03-01 18:05+00:00
2026-03-01 18:05+00:00,2026-03-01 18:05+00:00
2026-03-01 18:10+00:00,2026-03-01 18:10+00:00
2026-03-01 18:10+00:00,2026-03-01 18:10+00:00
2026-03-01 18:10+00:00,2026-03-01 18:10+00:00
2026-03-01 18:10+00:00,2026-03-01 18:10+00:00
2026-03-01 18:15+00:00,2026-03-01 18:15+00:00
2026-03-01 18:15+00:00,2026-03-01 18:15+00:00
2026-03-01 18:15+00:00,2026-03-01 18:15+00:00
2026-03-01 18:15+00:00,2026-03-01 18:15+00:00
2026-03-01 18:20+00:00,2026-03-01 18:20+00:00
2026-03-01 18:20+00:00,2026-03-01 18:20+00:00
2026-03-01 18:20+00:00,2026-03-01 18:20+00:00
2026-03-01 18:20+00:00,2026-03-01 18:20+00:00
2026-03-01 18:25+00:00,2026-03-01 18:25+00:00
2026-03-01 18:25+00:00,2026-03-01 18:25+00:00
2026-03-01 18:30+00:00,2026-03-01 18:30+00:00
2026-03-01 18:30+00:00,2026-03-01 18:30+00:00
2026-03-01 18:30+00:00,2026-03-01 18:30+00:00
2026-03-01 18:30+00:00,2026-03-01 18:30+00:00
2026-03-01 18:30+00:00,2026-03-01 18:30+00:00
2026-03-01 18:35+00:00,2026-03-01 18:35+00:00
2026-03-01 18:35+00:00,2026-03-01 18:35+00:00
2026-03-01 18:35+00:00,2026-03-01 18:35+00:00
2026-03-01 18:35+00:00,2026-03-01 18:35+00:00
2026-03-01 18:40+00:00,2026-03-01 18:40+00:00
2026-03-01 18:40+00:00,2026-03-01 18:40+00:00
2026-03-01 18:40+00:00,2026-03-01 18:40+00:00
2026-03-01 18:40+00:00,2026-03-01 18:40+00:00
